component,feature,loading
PC1,rgb_mean_r,0.07566156441464768
PC1,rgb_mean_g,0.11632498658434143
PC1,rgb_mean_b,0.12383865600170052
PC1,rgb_sd_r,0.045128328046655786
PC1,rgb_sd_g,0.11309067279418662
PC1,rgb_sd_b,0.12581377639431385
PC1,warmth_rgb_mean_r_minus_b,-0.08696301553853795
PC1,warmth_rgb_mean_rg_minus_b,-0.08353935493552109
PC1,lab_mean_l,0.1094632317174097
PC1,lab_mean_a,-0.07840959002886039
PC1,lab_mean_b,-0.07942250768686877
PC1,lab_sd_l,0.10684133796813106
PC1,lab_sd_a,-0.05791543132877297
PC1,lab_sd_b,-0.08625758432244646
PC1,lab_chroma_mean,-0.07833719148668353
PC1,saturation_mean,-0.10098058928534377
PC1,saturation_sd,0.014303207476435514
PC1,value_mean,0.09261521349174141
PC1,value_sd,0.07297062054099435
PC1,luma_mean,0.11145955025087646
PC1,luma_sd,0.11017385747516947
PC1,luma_p01,-0.027728664575770102
PC1,luma_p05,-0.009288641832231657
PC1,luma_p50,0.10199095598952516
PC1,luma_p95,0.10614206465729276
PC1,luma_p99,0.07455681181438513
PC1,dynamic_range_p95_p05,0.10512972123681913
PC1,luma_iqr_p75_p25,0.10574978560635236
PC1,rms_contrast,0.11017385716065847
PC1,michelson_contrast_p95_p05,0.04251011647198445
PC1,shadow_fraction,-0.01724380234982933
PC1,deep_shadow_fraction,-0.08176525869813565
PC1,highlight_fraction,0.016871004046296496
PC1,clipped_shadow_fraction,0.026220247855831037
PC1,clipped_highlight_fraction,0.003671495954080113
PC1,rgb_cov_r_g,0.09486480895946064
PC1,rgb_corr_r_g,0.06685919035319354
PC1,rgb_cov_r_b,0.11770753309129084
PC1,rgb_corr_r_b,0.09753646585037419
PC1,rgb_cov_g_b,0.12220028735943614
PC1,rgb_corr_g_b,0.08786580318199984
PC1,lab_cov_l_a,-0.08032631157848083
PC1,lab_corr_l_a,-0.07241369973245806
PC1,lab_cov_l_b,-0.10715968879141927
PC1,lab_corr_l_b,-0.11145066572488196
PC1,lab_cov_a_b,-0.07238631553442346
PC1,lab_corr_a_b,-0.04497236205777928
PC1,hue_entropy_12bin,0.0281627596217278
PC1,edge_density_canny,-0.006037559536034567
PC1,gradient_mag_mean,0.023208691521825555
PC1,gradient_mag_sd,0.04758541373107549
PC1,gradient_mag_p95,0.03136043832805886
PC1,orientation_entropy,-0.05085988089172799
PC1,texture_highpass_std,0.032145828068360846
PC1,texture_highpass_mad,-0.009889480164038735
PC1,laplacian_variance,0.004569081367526696
PC1,local_contrast_mean,0.0457825900852295
PC1,local_contrast_p95,0.06389344649232981
PC1,image_entropy_gray,0.10945320841075992
PC1,top_luma_mean,0.10137381920384211
PC1,bottom_luma_mean,0.08509076056025427
PC1,top_bottom_luma_delta,0.046673307324189686
PC1,left_warmth_mean,-0.07870615676680963
PC1,right_warmth_mean,-0.07845042566323462
PC1,left_right_warmth_delta,-0.005095445648060228
PC1,center_luma_mean,0.029280093248234655
PC1,edge_luma_mean,0.11270903173071578
PC1,center_edge_luma_delta,-0.06829989074989226
PC1,color_spatial_var_rgb_r,0.0409832019708015
PC1,color_spatial_range_rgb_r,0.043182295837076674
PC1,color_spatial_var_rgb_g,0.07751904113237006
PC1,color_spatial_range_rgb_g,0.08078830959468386
PC1,color_spatial_var_rgb_b,0.0904600292994053
PC1,color_spatial_range_rgb_b,0.09725265466247313
PC1,color_spatial_var_lab_l,0.07226610239491282
PC1,color_spatial_range_lab_l,0.07361538259400721
PC1,color_spatial_var_lab_a,-0.030784953137888406
PC1,color_spatial_range_lab_a,-0.03814974724756945
PC1,color_spatial_var_lab_b,-0.06268099956054185
PC1,color_spatial_range_lab_b,-0.0718991165749478
PC1,halation_bright_threshold_luma,0.0874504589669407
PC1,halation_bright_fraction,0.029263435585222448
PC1,halation_ring_fraction,-0.02015957747713749
PC1,red_highlight_excess_mean,-0.074308027279181
PC1,warm_highlight_excess_mean,-0.09574637426342583
PC1,halation_ring_red_excess_mean,-0.09851318032676126
PC1,halation_ring_red_excess_p95,-0.1084650837279951
PC1,halation_background_red_excess_mean,-0.08045411043063806
PC1,halation_index_ring_minus_background,-0.06684299455744565
PC1,local_lab_cov_l_a_mean,-0.07006859821507463
PC1,local_lab_cov_l_a_sd,-0.03796002873083153
PC1,local_lab_cov_l_a_abs_mean,-0.053273307346423396
PC1,local_lab_cov_l_a_p90_abs,-0.047868016799833865
PC1,local_lab_corr_l_a_mean,-0.06418980978415519
PC1,local_lab_corr_l_a_sd,-0.0007025538915550598
PC1,local_lab_corr_l_a_abs_mean,-0.03925014458871673
PC1,local_lab_corr_l_a_p90_abs,-0.04543149674151118
PC1,local_lab_cov_l_b_mean,-0.10721154829456009
PC1,local_lab_cov_l_b_sd,-0.06922435923348431
PC1,local_lab_cov_l_b_abs_mean,-0.08694987258578463
PC1,local_lab_cov_l_b_p90_abs,-0.08713664965614412
PC1,local_lab_corr_l_b_mean,-0.11176007313105957
PC1,local_lab_corr_l_b_sd,0.06905444453103513
PC1,local_lab_corr_l_b_abs_mean,-0.09824613386184813
PC1,local_lab_corr_l_b_p90_abs,-0.08653775137927548
PC1,local_lab_cov_a_b_mean,-0.08412088465829154
PC1,local_lab_cov_a_b_sd,-0.06742501173690149
PC1,local_lab_cov_a_b_abs_mean,-0.08712206329011332
PC1,local_lab_cov_a_b_p90_abs,-0.07499810646466995
PC1,local_lab_corr_a_b_mean,-0.06703027627488953
PC1,local_lab_corr_a_b_sd,0.046409539406870516
PC1,local_lab_corr_a_b_abs_mean,-0.07867573399128899
PC1,local_lab_corr_a_b_p90_abs,-0.06415492015229192
PC1,hue_circular_mean_turns,0.022598614851782477
PC1,hue_resultant_length,-0.02360578282172455
PC1,hue_circular_variance,0.02360578282172455
PC1,hue_warm_share,-0.07583647913305286
PC1,hue_red_orange_share,-0.07293384532002649
PC1,hue_yellow_share,-0.015931238455754775
PC1,hue_green_share,0.03363540032498221
PC1,hue_teal_cyan_share,0.07089107102155158
PC1,hue_blue_share,0.02830757397976069
PC1,hue_magenta_share,-0.03139993133441182
PC1,hue_red_orange_highlight_share,-0.059449198251429816
PC1,hue_teal_cyan_shadow_share,0.04338404366311093
PC1,shadow_lab_l,0.056782159976275164
PC1,shadow_lab_a,0.019143447610128247
PC1,shadow_lab_b,0.04397907888954137
PC1,shadow_warmth_rgb_r_minus_b,0.04119710771793432
PC1,shadow_saturation,-0.015000520372597003
PC1,shadow_red_excess,0.03581181650282622
PC1,midtone_lab_l,0.10190572647235974
PC1,midtone_lab_a,-0.07428751235397328
PC1,midtone_lab_b,-0.04267362972746932
PC1,midtone_warmth_rgb_r_minus_b,-0.057169272246058674
PC1,midtone_saturation,-0.09929829970792002
PC1,midtone_red_excess,-0.0697053210016111
PC1,midtone_fraction,0.012650098154874816
PC1,highlight_lab_l,0.11660166384676755
PC1,highlight_lab_a,-0.09959123247422638
PC1,highlight_lab_b,-0.1139865270756698
PC1,highlight_warmth_rgb_r_minus_b,-0.11466972315366125
PC1,highlight_saturation,-0.12177891021396141
PC1,highlight_red_excess,-0.1084438311586076
PC1,highlight_minus_shadow_lab_a,-0.09406006687452018
PC1,highlight_minus_shadow_lab_b,-0.1144871349148907
PC1,highlight_minus_shadow_warmth,-0.11447373496878348
PC1,highlight_minus_shadow_saturation,-0.07569701977283994
PC1,split_tone_distance_lab_ab,-0.10217650229149469
PC1,midtone_shadow_lab_b_delta,-0.06986715422814592
PC1,highlight_midtone_lab_b_delta,-0.09982262489995816
PC1,luma_skewness,-0.10233888754312691
PC1,luma_kurtosis_excess,-0.0987180235153402
PC1,shadow_compression_ratio,0.07508032995221303
PC1,highlight_compression_ratio,-0.08100631793111526
PC1,highlight_rolloff_ratio,-0.05966605329726317
PC1,shadow_rolloff_ratio,-0.05712693289498429
PC1,upper_lower_luma_spread_ratio,-0.08183460798636166
PC1,midtone_luma_width_p75_p25,0.105749785700145
PC1,extreme_tail_luma_width,0.07638466584784631
PC1,lower_tail_luma_width_p10_p01,0.06835632245512724
PC1,upper_tail_luma_width_p99_p90,-0.07280086081562855
PC1,fft_low_freq_power_share,0.006098440625750167
PC1,fft_mid_freq_power_share,-0.026596869609226772
PC1,fft_high_freq_power_share,-0.022943869685832223
PC1,fft_high_mid_power_ratio,-0.01295878508608561
PC1,fft_high_low_power_ratio,-0.022084178052141284
PC1,fft_radial_loglog_slope,-0.019503109328944696
PC1,fft_low_freq_log_power_mean,0.05713758165117897
PC1,fft_mid_freq_log_power_mean,0.04666328896820849
PC1,fft_high_freq_log_power_mean,0.03814879863747862
PC1,palette_entropy_6,0.07184163505064287
PC1,palette_effective_clusters_6,0.07228064077764465
PC1,palette_top1_share,-0.06938604540603167
PC1,palette_top2_share_gap,-0.05795382755582369
PC1,palette_top2_lab_distance,0.06447252030150621
PC1,palette_mean_pairwise_lab_distance,-0.01242136660724196
PC1,palette_weighted_pairwise_lab_distance,0.06474824652730565
PC1,palette_within_cluster_lab_rmse,-0.033549945426841664
PC1,palette_dominant_lab_l,0.06262284026440666
PC1,palette_dominant_lab_a,-0.023931884403312804
PC1,palette_dominant_lab_b,0.015346756072965291
PC1,palette_dominant_lab_chroma,0.013203274312033058
PC2,rgb_mean_r,0.1394828510804445
PC2,rgb_mean_g,0.06883710953517519
PC2,rgb_mean_b,0.038003795181134614
PC2,rgb_sd_r,0.10996169885928825
PC2,rgb_sd_g,0.07647625034491157
PC2,rgb_sd_b,0.045062358179138756
PC2,warmth_rgb_mean_r_minus_b,0.12852361558629755
PC2,warmth_rgb_mean_rg_minus_b,0.1198800821894071
PC2,lab_mean_l,0.08817915125676341
PC2,lab_mean_a,0.1216469297746458
PC2,lab_mean_b,0.11636251156022381
PC2,lab_sd_l,0.07272273263735168
PC2,lab_sd_a,0.133862709378054
PC2,lab_sd_b,0.10964682036068216
PC2,lab_chroma_mean,0.13203340475003908
PC2,saturation_mean,0.059216266572295465
PC2,saturation_sd,0.08117084888182018
PC2,value_mean,0.11936941088957909
PC2,value_sd,0.09490176263888522
PC2,luma_mean,0.08314241542308169
PC2,luma_sd,0.07613263398638351
PC2,luma_p01,-0.0022619499855342667
PC2,luma_p05,-0.007834817580202418
PC2,luma_p50,0.0818038499780614
PC2,luma_p95,0.07135388480075999
PC2,luma_p99,0.05331730664751132
PC2,dynamic_range_p95_p05,0.07092919303864666
PC2,luma_iqr_p75_p25,0.07842628191342531
PC2,rms_contrast,0.07613263413473742
PC2,michelson_contrast_p95_p05,0.029579096973098323
PC2,shadow_fraction,-0.036202550497836807
PC2,deep_shadow_fraction,-0.05011574708249858
PC2,highlight_fraction,0.018446328031818112
PC2,clipped_shadow_fraction,-0.011467891407614516
PC2,clipped_highlight_fraction,0.02600124931622355
PC2,rgb_cov_r_g,0.07453642531328039
PC2,rgb_corr_r_g,-0.07720760320243092
PC2,rgb_cov_r_b,0.04431709121876599
PC2,rgb_corr_r_b,-0.06500825551022806
PC2,rgb_cov_g_b,0.05601090363772969
PC2,rgb_corr_g_b,-0.04147893231453686
PC2,lab_cov_l_a,-0.023227172523923763
PC2,lab_corr_l_a,-0.010950024970626528
PC2,lab_cov_l_b,0.023906608144551235
PC2,lab_corr_l_b,0.0036267673466777173
PC2,lab_cov_a_b,0.11736224104598912
PC2,lab_corr_a_b,0.04810334393332304
PC2,hue_entropy_12bin,-0.03077979585634178
PC2,edge_density_canny,0.010590260651078365
PC2,gradient_mag_mean,0.0050600400170291195
PC2,gradient_mag_sd,0.028524434836227103
PC2,gradient_mag_p95,0.03175649490733218
PC2,orientation_entropy,-0.0019978541007852763
PC2,texture_highpass_std,0.029894855479568584
PC2,texture_highpass_mad,-0.029718538774415822
PC2,laplacian_variance,0.02665931555404593
PC2,local_contrast_mean,-0.004785352427005931
PC2,local_contrast_p95,0.01191163672231781
PC2,image_entropy_gray,0.0714288173684542
PC2,top_luma_mean,0.10515707029692632
PC2,bottom_luma_mean,-0.00607542482162795
PC2,top_bottom_luma_delta,0.10921256095969666
PC2,left_warmth_mean,0.10458328028616196
PC2,right_warmth_mean,0.10408926717748752
PC2,left_right_warmth_delta,0.006938899483710377
PC2,center_luma_mean,0.0218990463138733
PC2,edge_luma_mean,0.08406702388290518
PC2,center_edge_luma_delta,-0.050892287721081286
PC2,color_spatial_var_rgb_r,0.11450631480711901
PC2,color_spatial_range_rgb_r,0.1006093021804894
PC2,color_spatial_var_rgb_g,0.10999361618957107
PC2,color_spatial_range_rgb_g,0.08708285281931988
PC2,color_spatial_var_rgb_b,0.09196020911089678
PC2,color_spatial_range_rgb_b,0.07153416516694734
PC2,color_spatial_var_lab_l,0.10720025641894167
PC2,color_spatial_range_lab_l,0.0835375672157967
PC2,color_spatial_var_lab_a,0.11759604850563082
PC2,color_spatial_range_lab_a,0.1254609076173885
PC2,color_spatial_var_lab_b,0.09338798235193181
PC2,color_spatial_range_lab_b,0.0996322278592148
PC2,halation_bright_threshold_luma,0.05480446499255561
PC2,halation_bright_fraction,0.040436886005664446
PC2,halation_ring_fraction,-0.022413815660549993
PC2,red_highlight_excess_mean,0.019810060279641627
PC2,warm_highlight_excess_mean,0.01808909272921699
PC2,halation_ring_red_excess_mean,0.03484774289443184
PC2,halation_ring_red_excess_p95,0.02871629416636784
PC2,halation_background_red_excess_mean,0.13139672485983311
PC2,halation_index_ring_minus_background,-0.04698327719659106
PC2,local_lab_cov_l_a_mean,0.04230286605397537
PC2,local_lab_cov_l_a_sd,0.13975446864773924
PC2,local_lab_cov_l_a_abs_mean,0.11729125865601837
PC2,local_lab_cov_l_a_p90_abs,0.12372830504104483
PC2,local_lab_corr_l_a_mean,0.059667059076953445
PC2,local_lab_corr_l_a_sd,0.013524625018650805
PC2,local_lab_corr_l_a_abs_mean,-0.015766207160593963
PC2,local_lab_corr_l_a_p90_abs,-0.0036443670074394916
PC2,local_lab_cov_l_b_mean,0.04470876691209238
PC2,local_lab_cov_l_b_sd,0.10059703448521173
PC2,local_lab_cov_l_b_abs_mean,0.07901470864360448
PC2,local_lab_cov_l_b_p90_abs,0.08040298493855959
PC2,local_lab_corr_l_b_mean,0.03181681311416885
PC2,local_lab_corr_l_b_sd,0.05220405048513273
PC2,local_lab_corr_l_b_abs_mean,0.052038377918869796
PC2,local_lab_corr_l_b_p90_abs,0.06948433246056927
PC2,local_lab_cov_a_b_mean,0.1143579625485237
PC2,local_lab_cov_a_b_sd,0.11762523532335149
PC2,local_lab_cov_a_b_abs_mean,0.12358200638365899
PC2,local_lab_cov_a_b_p90_abs,0.1258919705608188
PC2,local_lab_corr_a_b_mean,0.07547611618310042
PC2,local_lab_corr_a_b_sd,-0.03203290709971961
PC2,local_lab_corr_a_b_abs_mean,0.08212812604087033
PC2,local_lab_corr_a_b_p90_abs,0.08747539200854172
PC2,hue_circular_mean_turns,-0.07266399921823215
PC2,hue_resultant_length,0.01685311424095555
PC2,hue_circular_variance,-0.016853114240955543
PC2,hue_warm_share,0.12523424634629265
PC2,hue_red_orange_share,0.12998724571787984
PC2,hue_yellow_share,0.010395117593010034
PC2,hue_green_share,-0.04901536469489668
PC2,hue_teal_cyan_share,-0.08433178004467971
PC2,hue_blue_share,-0.07161146829716034
PC2,hue_magenta_share,-0.008726245742875609
PC2,hue_red_orange_highlight_share,0.01566233798501241
PC2,hue_teal_cyan_shadow_share,0.017406860101594524
PC2,shadow_lab_l,0.0527453718692027
PC2,shadow_lab_a,0.1057924776928359
PC2,shadow_lab_b,0.06485201815758297
PC2,shadow_warmth_rgb_r_minus_b,0.08056189973106481
PC2,shadow_saturation,0.07317167427768634
PC2,shadow_red_excess,0.08407298169099307
PC2,midtone_lab_l,0.08670175820028363
PC2,midtone_lab_a,0.10727511310193275
PC2,midtone_lab_b,0.13776308770024195
PC2,midtone_warmth_rgb_r_minus_b,0.1457356879055533
PC2,midtone_saturation,0.037380090345570396
PC2,midtone_red_excess,0.12969243570691416
PC2,midtone_fraction,-0.003572630135432086
PC2,highlight_lab_l,0.0825967483794501
PC2,highlight_lab_a,0.05556683399822955
PC2,highlight_lab_b,0.04447218836000538
PC2,highlight_warmth_rgb_r_minus_b,0.053180560224620366
PC2,highlight_saturation,0.01839523809456295
PC2,highlight_red_excess,0.05196930222818783
PC2,highlight_minus_shadow_lab_a,-0.0072091957115509335
PC2,highlight_minus_shadow_lab_b,0.020284366467181132
PC2,highlight_minus_shadow_warmth,0.024698026064560633
PC2,highlight_minus_shadow_saturation,-0.047409578668774134
PC2,split_tone_distance_lab_ab,0.05006927230124061
PC2,midtone_shadow_lab_b_delta,0.10601291758386307
PC2,highlight_midtone_lab_b_delta,-0.043529668750522485
PC2,luma_skewness,-0.07687516151425086
PC2,luma_kurtosis_excess,-0.0637391250726316
PC2,shadow_compression_ratio,0.053413012424758106
PC2,highlight_compression_ratio,-0.06525005916922495
PC2,highlight_rolloff_ratio,-0.03260080739645835
PC2,shadow_rolloff_ratio,-0.07562980495221107
PC2,upper_lower_luma_spread_ratio,-0.05695158960696148
PC2,midtone_luma_width_p75_p25,0.07842628186357418
PC2,extreme_tail_luma_width,0.05134295908513335
PC2,lower_tail_luma_width_p10_p01,0.014788373897640426
PC2,upper_tail_luma_width_p99_p90,-0.03855125499456527
PC2,fft_low_freq_power_share,0.003400757999708281
PC2,fft_mid_freq_power_share,0.030718870175924513
PC2,fft_high_freq_power_share,0.0325393593687449
PC2,fft_high_mid_power_ratio,0.021293187877537288
PC2,fft_high_low_power_ratio,0.026395108131802847
PC2,fft_radial_loglog_slope,0.024902407998040284
PC2,fft_low_freq_log_power_mean,-0.02466135098474542
PC2,fft_mid_freq_log_power_mean,-0.0099278164435945
PC2,fft_high_freq_log_power_mean,0.004067939521270713
PC2,palette_entropy_6,0.055276768153825734
PC2,palette_effective_clusters_6,0.05459436540630584
PC2,palette_top1_share,-0.04243394605898517
PC2,palette_top2_share_gap,-0.031189669082183902
PC2,palette_top2_lab_distance,0.06917348184780528
PC2,palette_mean_pairwise_lab_distance,0.11796273861034084
PC2,palette_weighted_pairwise_lab_distance,0.1515582465306023
PC2,palette_within_cluster_lab_rmse,0.1089110998885298
PC2,palette_dominant_lab_l,0.07633933592259287
PC2,palette_dominant_lab_a,0.05313659108019595
PC2,palette_dominant_lab_b,0.06596964927676462
PC2,palette_dominant_lab_chroma,0.05360788699076248
PC3,rgb_mean_r,0.04593603797830958
PC3,rgb_mean_g,0.053465723084284364
PC3,rgb_mean_b,0.014499194341551003
PC3,rgb_sd_r,0.03504408336080925
PC3,rgb_sd_g,-0.01903469232431787
PC3,rgb_sd_b,-0.04261295915518182
PC3,warmth_rgb_mean_r_minus_b,0.03931634116880464
PC3,warmth_rgb_mean_rg_minus_b,0.06576906432318261
PC3,lab_mean_l,0.05106717912454815
PC3,lab_mean_a,-0.05850889180678095
PC3,lab_mean_b,0.0758051738149133
PC3,lab_sd_l,-0.010440970394999463
PC3,lab_sd_a,-0.01913396097538938
PC3,lab_sd_b,0.0435617617825417
PC3,lab_chroma_mean,0.041447309661255025
PC3,saturation_mean,-0.030700884591707868
PC3,saturation_sd,-0.08264556977140733
PC3,value_mean,0.040582370001001
PC3,value_sd,-0.010805943820212657
PC3,luma_mean,0.05012334002055763
PC3,luma_sd,-0.011985583002996056
PC3,luma_p01,0.0399046590711731
PC3,luma_p05,0.0564837749689538
PC3,luma_p50,0.05647347294727182
PC3,luma_p95,-0.0024243368127078034
PC3,luma_p99,0.004316994697153345
PC3,dynamic_range_p95_p05,-0.011453100812911902
PC3,luma_iqr_p75_p25,0.018014283097432988
PC3,rms_contrast,-0.011985583464965822
PC3,michelson_contrast_p95_p05,-0.04624732068214382
PC3,shadow_fraction,-0.041334397048457844
PC3,deep_shadow_fraction,-0.09239458812486033
PC3,highlight_fraction,-0.007883412793924119
PC3,clipped_shadow_fraction,-0.05138919517306401
PC3,clipped_highlight_fraction,0.02040763950632368
PC3,rgb_cov_r_g,0.009031836515107377
PC3,rgb_corr_r_g,0.0320502663525518
PC3,rgb_cov_r_b,-0.017295015745349224
PC3,rgb_corr_r_b,-0.012583372013312766
PC3,rgb_cov_g_b,-0.04267814946428828
PC3,rgb_corr_g_b,-0.0849569218330725
PC3,lab_cov_l_a,0.0512984379931753
PC3,lab_corr_l_a,0.044975312878891636
PC3,lab_cov_l_b,0.08199565110660702
PC3,lab_corr_l_b,0.08003772505564513
PC3,lab_cov_a_b,-0.06893887272454584
PC3,lab_corr_a_b,-0.12620360072378176
PC3,hue_entropy_12bin,0.07149831854499189
PC3,edge_density_canny,0.19118582712974744
PC3,gradient_mag_mean,0.22181283196492926
PC3,gradient_mag_sd,0.19316765841647285
PC3,gradient_mag_p95,0.21095856531940713
PC3,orientation_entropy,0.06706454642664936
PC3,texture_highpass_std,0.21192802106070113
PC3,texture_highpass_mad,0.13015282136281256
PC3,laplacian_variance,0.20177079496445077
PC3,local_contrast_mean,0.21056592082198133
PC3,local_contrast_p95,0.13230181753921783
PC3,image_entropy_gray,0.07516536761637788
PC3,top_luma_mean,-0.012208869230747973
PC3,bottom_luma_mean,0.08299314679169809
PC3,top_bottom_luma_delta,-0.06570909279837289
PC3,left_warmth_mean,0.05632248711158854
PC3,right_warmth_mean,0.046826860291127315
PC3,left_right_warmth_delta,0.013802236608406102
PC3,center_luma_mean,0.15904456016449722
PC3,edge_luma_mean,0.03191410321675613
PC3,center_edge_luma_delta,0.10941880551439621
PC3,color_spatial_var_rgb_r,-0.0593559514125974
PC3,color_spatial_range_rgb_r,-0.07384196711614471
PC3,color_spatial_var_rgb_g,-0.09948334447091545
PC3,color_spatial_range_rgb_g,-0.09418453178777463
PC3,color_spatial_var_rgb_b,-0.1125913874081617
PC3,color_spatial_range_rgb_b,-0.10099083888456838
PC3,color_spatial_var_lab_l,-0.09648022100290916
PC3,color_spatial_range_lab_l,-0.0948777627545008
PC3,color_spatial_var_lab_a,-0.05703419596571706
PC3,color_spatial_range_lab_a,-0.047129411346054605
PC3,color_spatial_var_lab_b,0.028593278275038263
PC3,color_spatial_range_lab_b,0.016669764846605914
PC3,halation_bright_threshold_luma,-0.0068260052041301846
PC3,halation_bright_fraction,-0.0017665783598770158
PC3,halation_ring_fraction,0.12349552511961209
PC3,red_highlight_excess_mean,0.050926964741491464
PC3,warm_highlight_excess_mean,0.03775309420254148
PC3,halation_ring_red_excess_mean,0.0453510548802371
PC3,halation_ring_red_excess_p95,0.007549822045201282
PC3,halation_background_red_excess_mean,-0.006129405096598995
PC3,halation_index_ring_minus_background,0.06038954306448919
PC3,local_lab_cov_l_a_mean,0.002495682485197649
PC3,local_lab_cov_l_a_sd,-0.02892924360514182
PC3,local_lab_cov_l_a_abs_mean,-0.004645703851236979
PC3,local_lab_cov_l_a_p90_abs,-0.025379684186985323
PC3,local_lab_corr_l_a_mean,-0.004780871988720159
PC3,local_lab_corr_l_a_sd,-0.09316059153348144
PC3,local_lab_corr_l_a_abs_mean,-0.09532287455511634
PC3,local_lab_corr_l_a_p90_abs,-0.09107090108875249
PC3,local_lab_cov_l_b_mean,0.05361937806136258
PC3,local_lab_cov_l_b_sd,0.017044192747042247
PC3,local_lab_cov_l_b_abs_mean,0.04587985467958851
PC3,local_lab_cov_l_b_p90_abs,0.032285819386714314
PC3,local_lab_corr_l_b_mean,0.04652867292041554
PC3,local_lab_corr_l_b_sd,-0.09077342316442319
PC3,local_lab_corr_l_b_abs_mean,-0.026223303858109795
PC3,local_lab_corr_l_b_p90_abs,-0.04582235034777442
PC3,local_lab_cov_a_b_mean,-0.03501561057848699
PC3,local_lab_cov_a_b_sd,-0.01998586425733173
PC3,local_lab_cov_a_b_abs_mean,-0.00683630954685416
PC3,local_lab_cov_a_b_p90_abs,-0.02225359753851177
PC3,local_lab_corr_a_b_mean,-0.09417474184897845
PC3,local_lab_corr_a_b_sd,0.07929631781919201
PC3,local_lab_corr_a_b_abs_mean,-0.0679427249633159
PC3,local_lab_corr_a_b_p90_abs,-0.07600884120898166
PC3,hue_circular_mean_turns,-0.052464648732816824
PC3,hue_resultant_length,0.0023263409798438017
PC3,hue_circular_variance,-0.0023263409798438017
PC3,hue_warm_share,-0.016627086746080176
PC3,hue_red_orange_share,-0.04509788326250899
PC3,hue_yellow_share,0.08555495857787225
PC3,hue_green_share,0.12474687981310975
PC3,hue_teal_cyan_share,-0.015537266472506259
PC3,hue_blue_share,-0.04044037128482436
PC3,hue_magenta_share,-0.023389117854442826
PC3,hue_red_orange_highlight_share,0.06970905791748316
PC3,hue_teal_cyan_shadow_share,0.03936906801121324
PC3,shadow_lab_l,0.06383265915969887
PC3,shadow_lab_a,-0.06121677029388303
PC3,shadow_lab_b,-0.009520534524756784
PC3,shadow_warmth_rgb_r_minus_b,-0.025782517445882818
PC3,shadow_saturation,-0.06989733596934308
PC3,shadow_red_excess,-0.03832182042533052
PC3,midtone_lab_l,0.05778093039042064
PC3,midtone_lab_a,-0.06555166265391736
PC3,midtone_lab_b,0.05248400872378149
PC3,midtone_warmth_rgb_r_minus_b,0.005408025785644842
PC3,midtone_saturation,-0.011148057746729171
PC3,midtone_red_excess,-0.035954346815967445
PC3,midtone_fraction,-0.02669300076239275
PC3,highlight_lab_l,0.02642250614368739
PC3,highlight_lab_a,-0.004999035375732619
PC3,highlight_lab_b,0.08126647665307485
PC3,highlight_warmth_rgb_r_minus_b,0.07049744428810262
PC3,highlight_saturation,0.009865118186182522
PC3,highlight_red_excess,0.05611153893761081
PC3,highlight_minus_shadow_lab_a,0.027143189053711488
PC3,highlight_minus_shadow_lab_b,0.07513168745158276
PC3,highlight_minus_shadow_warmth,0.07050658704531755
PC3,highlight_minus_shadow_saturation,0.06514760044055956
PC3,split_tone_distance_lab_ab,0.0256351537936395
PC3,midtone_shadow_lab_b_delta,0.06017007670254279
PC3,highlight_midtone_lab_b_delta,0.056146042534856444
PC3,luma_skewness,-0.0553722530014879
PC3,luma_kurtosis_excess,-0.044731064260866024
PC3,shadow_compression_ratio,0.06820909261273228
PC3,highlight_compression_ratio,-0.05412166334631395
PC3,highlight_rolloff_ratio,0.017739848932207772
PC3,shadow_rolloff_ratio,-0.016013603317424605
PC3,upper_lower_luma_spread_ratio,-0.08084235377193841
PC3,midtone_luma_width_p75_p25,0.018014284472217746
PC3,extreme_tail_luma_width,-0.0033310072990059385
PC3,lower_tail_luma_width_p10_p01,0.06526645341274843
PC3,upper_tail_luma_width_p99_p90,-0.017207876881771087
PC3,fft_low_freq_power_share,-0.07070048412885108
PC3,fft_mid_freq_power_share,0.07583602330120745
PC3,fft_high_freq_power_share,0.10989198397568381
PC3,fft_high_mid_power_ratio,0.0948126683010649
PC3,fft_high_low_power_ratio,0.11370882930859014
PC3,fft_radial_loglog_slope,0.11064586658309952
PC3,fft_low_freq_log_power_mean,0.08331342126407007
PC3,fft_mid_freq_log_power_mean,0.1630044271480503
PC3,fft_high_freq_log_power_mean,0.2051864819256468
PC3,palette_entropy_6,0.09010522843063233
PC3,palette_effective_clusters_6,0.08948099851507015
PC3,palette_top1_share,-0.08955260475153588
PC3,palette_top2_share_gap,-0.07241839105918904
PC3,palette_top2_lab_distance,0.017357141951620084
PC3,palette_mean_pairwise_lab_distance,-0.07181890648714216
PC3,palette_weighted_pairwise_lab_distance,0.00606052729427284
PC3,palette_within_cluster_lab_rmse,0.09015128238881748
PC3,palette_dominant_lab_l,0.010144730886963178
PC3,palette_dominant_lab_a,-0.027224872614178355
PC3,palette_dominant_lab_b,0.04566243262148616
PC3,palette_dominant_lab_chroma,0.020559527944503064
PC4,rgb_mean_r,0.02606538917908707
PC4,rgb_mean_g,0.020642938388050827
PC4,rgb_mean_b,0.0033466664992913425
PC4,rgb_sd_r,0.20916585493304632
PC4,rgb_sd_g,0.0733390230995854
PC4,rgb_sd_b,0.018964913502299542
PC4,warmth_rgb_mean_r_minus_b,0.029717256265270997
PC4,warmth_rgb_mean_rg_minus_b,0.03841059354662135
PC4,lab_mean_l,0.01302346774173524
PC4,lab_mean_a,-0.013697162167577714
PC4,lab_mean_b,0.029040780086463824
PC4,lab_sd_l,0.11672992490904947
PC4,lab_sd_a,-0.13360530084187655
PC4,lab_sd_b,-0.011423647081961107
PC4,lab_chroma_mean,-0.051186517877904354
PC4,saturation_mean,-0.034720153255195445
PC4,saturation_sd,-0.052456256300400884
PC4,value_mean,0.004567244771835343
PC4,value_sd,0.16131531422647644
PC4,luma_mean,0.020933502495718882
PC4,luma_sd,0.10271259846824687
PC4,luma_p01,0.023925729049440365
PC4,luma_p05,0.03509119786554021
PC4,luma_p50,-0.012151769001957925
PC4,luma_p95,0.08665202080895314
PC4,luma_p99,0.04697931601268128
PC4,dynamic_range_p95_p05,0.07896096239180399
PC4,luma_iqr_p75_p25,0.0685847579751037
PC4,rms_contrast,0.10271260024532462
PC4,michelson_contrast_p95_p05,-0.0027659127633085784
PC4,shadow_fraction,0.015572418404104631
PC4,deep_shadow_fraction,0.045365374559336195
PC4,highlight_fraction,-0.032328904799620986
PC4,clipped_shadow_fraction,0.009241335007746515
PC4,clipped_highlight_fraction,0.05862873153723964
PC4,rgb_cov_r_g,0.16509030485881065
PC4,rgb_corr_r_g,0.1817762534992039
PC4,rgb_cov_r_b,0.11520542285506452
PC4,rgb_corr_r_b,0.10886867433182672
PC4,rgb_cov_g_b,0.04772016063260379
PC4,rgb_corr_g_b,0.018212628386889092
PC4,lab_cov_l_a,0.17555726212033346
PC4,lab_corr_l_a,0.16591393271242993
PC4,lab_cov_l_b,0.10137554829358224
PC4,lab_corr_l_b,0.07573079197764696
PC4,lab_cov_a_b,-0.05659380212773866
PC4,lab_corr_a_b,-0.03206388275790824
PC4,hue_entropy_12bin,-0.04062905284189393
PC4,edge_density_canny,-0.08742787971559918
PC4,gradient_mag_mean,-0.04691293439560272
PC4,gradient_mag_sd,-0.007796328799614619
PC4,gradient_mag_p95,-0.05079868533776935
PC4,orientation_entropy,-0.12101197851367745
PC4,texture_highpass_std,-0.05543942629833915
PC4,texture_highpass_mad,-0.03176946646520267
PC4,laplacian_variance,-0.10531636784089439
PC4,local_contrast_mean,0.023795823501674182
PC4,local_contrast_p95,0.08332552761063287
PC4,image_entropy_gray,0.007091899185770686
PC4,top_luma_mean,-0.01597071671923252
PC4,bottom_luma_mean,0.09656083497306706
PC4,top_bottom_luma_delta,-0.07821949193306245
PC4,left_warmth_mean,0.01867565018719155
PC4,right_warmth_mean,0.048922755990334174
PC4,left_right_warmth_delta,-0.03184318947208035
PC4,center_luma_mean,-0.03200815371867808
PC4,edge_luma_mean,0.02599451615466311
PC4,center_edge_luma_delta,-0.04885801127203252
PC4,color_spatial_var_rgb_r,0.09864018463387994
PC4,color_spatial_range_rgb_r,0.09370839554858763
PC4,color_spatial_var_rgb_g,-0.008978136056259823
PC4,color_spatial_range_rgb_g,0.015078631607726945
PC4,color_spatial_var_rgb_b,-0.040904016225912165
PC4,color_spatial_range_rgb_b,-0.019395275164774736
PC4,color_spatial_var_lab_l,0.018336192522312823
PC4,color_spatial_range_lab_l,0.0388606992416235
PC4,color_spatial_var_lab_a,-0.13330828722981664
PC4,color_spatial_range_lab_a,-0.14282066509050492
PC4,color_spatial_var_lab_b,-0.006820235910382805
PC4,color_spatial_range_lab_b,-0.030976449782058733
PC4,halation_bright_threshold_luma,0.059243860259789755
PC4,halation_bright_fraction,0.0029048210279068918
PC4,halation_ring_fraction,-0.04041531242267055
PC4,red_highlight_excess_mean,0.11139462330744845
PC4,warm_highlight_excess_mean,0.09218911573621424
PC4,halation_ring_red_excess_mean,0.096260247882492
PC4,halation_ring_red_excess_p95,0.011557094023965687
PC4,halation_background_red_excess_mean,0.01443526456405987
PC4,halation_index_ring_minus_background,0.10934932110858887
PC4,local_lab_cov_l_a_mean,0.11574306474694777
PC4,local_lab_cov_l_a_sd,-0.03541731728432823
PC4,local_lab_cov_l_a_abs_mean,-0.00394164483917712
PC4,local_lab_cov_l_a_p90_abs,-0.011352911386398778
PC4,local_lab_corr_l_a_mean,0.11196041609006234
PC4,local_lab_corr_l_a_sd,-0.04121358367468719
PC4,local_lab_corr_l_a_abs_mean,0.05483464985242098
PC4,local_lab_corr_l_a_p90_abs,0.022829970116933905
PC4,local_lab_cov_l_b_mean,0.056972325719849795
PC4,local_lab_cov_l_b_sd,0.07342519425083467
PC4,local_lab_cov_l_b_abs_mean,0.08712300469932825
PC4,local_lab_cov_l_b_p90_abs,0.08687629239523315
PC4,local_lab_corr_l_b_mean,0.02503295960311215
PC4,local_lab_corr_l_b_sd,-0.07428998915718811
PC4,local_lab_corr_l_b_abs_mean,0.060322408929844445
PC4,local_lab_corr_l_b_p90_abs,0.03626444063868449
PC4,local_lab_cov_a_b_mean,-0.033118665061499616
PC4,local_lab_cov_a_b_sd,-0.04699213916451695
PC4,local_lab_cov_a_b_abs_mean,-0.038440537687630394
PC4,local_lab_cov_a_b_p90_abs,-0.05301840201326151
PC4,local_lab_corr_a_b_mean,-0.010934342090687084
PC4,local_lab_corr_a_b_sd,-0.03297093548641736
PC4,local_lab_corr_a_b_abs_mean,-0.016140797797541923
PC4,local_lab_corr_a_b_p90_abs,-0.033035076856445064
PC4,hue_circular_mean_turns,-0.01307767694814995
PC4,hue_resultant_length,0.06235000588311713
PC4,hue_circular_variance,-0.06235000588311714
PC4,hue_warm_share,0.00850722233093052
PC4,hue_red_orange_share,-0.010252674483961416
PC4,hue_yellow_share,0.05731056611148968
PC4,hue_green_share,-0.0023406822270296435
PC4,hue_teal_cyan_share,-0.015342211815870616
PC4,hue_blue_share,0.0089037862292414
PC4,hue_magenta_share,-0.028214031184840446
PC4,hue_red_orange_highlight_share,0.10156035262975809
PC4,hue_teal_cyan_shadow_share,0.05578385085495332
PC4,shadow_lab_l,-0.031735169339532236
PC4,shadow_lab_a,-0.14587193553498043
PC4,shadow_lab_b,-0.051339965433240035
PC4,shadow_warmth_rgb_r_minus_b,-0.090743759763413
PC4,shadow_saturation,-0.04571084708796959
PC4,shadow_red_excess,-0.10529407632950914
PC4,midtone_lab_l,-0.015965845925373846
PC4,midtone_lab_a,-0.01636113480601671
PC4,midtone_lab_b,-0.01575390349978196
PC4,midtone_warmth_rgb_r_minus_b,-0.015371183294548098
PC4,midtone_saturation,-0.022231488746953222
PC4,midtone_red_excess,-0.00971206268857709
PC4,midtone_fraction,-0.03553449482586102
PC4,highlight_lab_l,0.07659357437692625
PC4,highlight_lab_a,0.09433158197937783
PC4,highlight_lab_b,0.08383957707349807
PC4,highlight_warmth_rgb_r_minus_b,0.09961636507809019
PC4,highlight_saturation,0.0055706778899714555
PC4,highlight_red_excess,0.11171576003501901
PC4,highlight_minus_shadow_lab_a,0.1545559843015584
PC4,highlight_minus_shadow_lab_b,0.08985454499531188
PC4,highlight_minus_shadow_warmth,0.11510066574385842
PC4,highlight_minus_shadow_saturation,0.04196709906794322
PC4,split_tone_distance_lab_ab,0.05286725629574906
PC4,midtone_shadow_lab_b_delta,0.013263037871751317
PC4,highlight_midtone_lab_b_delta,0.10552386216611556
PC4,luma_skewness,0.0072127782825098215
PC4,luma_kurtosis_excess,-0.034381765550760564
PC4,shadow_compression_ratio,-0.08650831733919982
PC4,highlight_compression_ratio,0.021582639607811434
PC4,highlight_rolloff_ratio,-0.09957918254353385
PC4,shadow_rolloff_ratio,0.04861290689390596
PC4,upper_lower_luma_spread_ratio,0.07733622351989378
PC4,midtone_luma_width_p75_p25,0.06858476003391782
PC4,extreme_tail_luma_width,0.04039820176377131
PC4,lower_tail_luma_width_p10_p01,-0.005438093864615221
PC4,upper_tail_luma_width_p99_p90,-0.06475483095698774
PC4,fft_low_freq_power_share,0.03231300732140263
PC4,fft_mid_freq_power_share,-0.17322583504571598
PC4,fft_high_freq_power_share,-0.18679350605345788
PC4,fft_high_mid_power_ratio,-0.1292019250549635
PC4,fft_high_low_power_ratio,-0.1719271658196796
PC4,fft_radial_loglog_slope,-0.15340846088419463
PC4,fft_low_freq_log_power_mean,0.1314089037784947
PC4,fft_mid_freq_log_power_mean,0.03534466424628644
PC4,fft_high_freq_log_power_mean,-0.03512826317190326
PC4,palette_entropy_6,-0.010470072590471799
PC4,palette_effective_clusters_6,-0.006970351098458208
PC4,palette_top1_share,0.03344324041970534
PC4,palette_top2_share_gap,0.06106285097919492
PC4,palette_top2_lab_distance,0.028877309114364726
PC4,palette_mean_pairwise_lab_distance,0.013746973754709355
PC4,palette_weighted_pairwise_lab_distance,0.06113749462400837
PC4,palette_within_cluster_lab_rmse,-0.0960746618625127
PC4,palette_dominant_lab_l,-0.05297787442259209
PC4,palette_dominant_lab_a,0.008590020060997764
PC4,palette_dominant_lab_b,-0.04171136042598965
PC4,palette_dominant_lab_chroma,-0.06531473281737786
PC5,rgb_mean_r,-0.1079548645957092
PC5,rgb_mean_g,-0.08131579351972598
PC5,rgb_mean_b,-0.08391480577475269
PC5,rgb_sd_r,0.05406292204278329
PC5,rgb_sd_g,0.08912501784942767
PC5,rgb_sd_b,0.04995960283509593
PC5,warmth_rgb_mean_r_minus_b,-0.016747289669479803
PC5,warmth_rgb_mean_rg_minus_b,-0.0007385069050637192
PC5,lab_mean_l,-0.09193004231178431
PC5,lab_mean_a,-0.056515961839304296
PC5,lab_mean_b,0.015096749441377066
PC5,lab_sd_l,0.08817143726610141
PC5,lab_sd_a,0.01730908940202524
PC5,lab_sd_b,0.0459175569021426
PC5,lab_chroma_mean,0.01468334017089942
PC5,saturation_mean,0.10880394891815243
PC5,saturation_sd,0.06458732055949305
PC5,value_mean,-0.09672072760760946
PC5,value_sd,0.10689266884074439
PC5,luma_mean,-0.08936722218645515
PC5,luma_sd,0.08165809841302031
PC5,luma_p01,-0.1841520534566179
PC5,luma_p05,-0.22064392155453308
PC5,luma_p50,-0.10525640990609661
PC5,luma_p95,0.07058120829111952
PC5,luma_p99,0.1343204629847629
PC5,dynamic_range_p95_p05,0.10440736405853819
PC5,luma_iqr_p75_p25,-0.0209707545505348
PC5,rms_contrast,0.08165810095892767
PC5,michelson_contrast_p95_p05,0.23011270930944838
PC5,shadow_fraction,0.036143571211919925
PC5,deep_shadow_fraction,0.17214783501312592
PC5,highlight_fraction,-0.028594857565581236
PC5,clipped_shadow_fraction,0.13150609235267624
PC5,clipped_highlight_fraction,0.049699744295175444
PC5,rgb_cov_r_g,0.07255485552337405
PC5,rgb_corr_r_g,0.013614758549974727
PC5,rgb_cov_r_b,0.04477077180861372
PC5,rgb_corr_r_b,0.0036941227163431187
PC5,rgb_cov_g_b,0.059466240215324914
PC5,rgb_corr_g_b,-0.025626755673904836
PC5,lab_cov_l_a,-0.08569921698209633
PC5,lab_corr_l_a,-0.10230300349160548
PC5,lab_cov_l_b,0.0249325657134619
PC5,lab_corr_l_b,0.0013344695395782248
PC5,lab_cov_a_b,-0.019714196575864065
PC5,lab_corr_a_b,-0.05774554812064981
PC5,hue_entropy_12bin,0.05034116324248865
PC5,edge_density_canny,0.039394621616437114
PC5,gradient_mag_mean,0.08937842942675935
PC5,gradient_mag_sd,0.1278209592996085
PC5,gradient_mag_p95,0.10717022506824171
PC5,orientation_entropy,-0.006645977780153247
PC5,texture_highpass_std,0.11102633147465672
PC5,texture_highpass_mad,0.023029269444672883
PC5,laplacian_variance,0.09324723743058126
PC5,local_contrast_mean,0.10801195937278475
PC5,local_contrast_p95,0.12843859103338215
PC5,image_entropy_gray,-0.026610907401269868
PC5,top_luma_mean,-0.04726842212461987
PC5,bottom_luma_mean,-0.09084850737206344
PC5,top_bottom_luma_delta,0.011214765176629603
PC5,left_warmth_mean,-0.036873020404044866
PC5,right_warmth_mean,0.017604363476625102
PC5,left_right_warmth_delta,-0.06166699197470985
PC5,center_luma_mean,-0.03670339248735018
PC5,edge_luma_mean,-0.08866703792261471
PC5,center_edge_luma_delta,0.04205614139849979
PC5,color_spatial_var_rgb_r,0.011762270122782387
PC5,color_spatial_range_rgb_r,0.02209290267022046
PC5,color_spatial_var_rgb_g,0.03512409243551965
PC5,color_spatial_range_rgb_g,0.056021991751166594
PC5,color_spatial_var_rgb_b,0.022720308849625163
PC5,color_spatial_range_rgb_b,0.04145551520497057
PC5,color_spatial_var_lab_l,0.031832090903276725
PC5,color_spatial_range_lab_l,0.050465452862671796
PC5,color_spatial_var_lab_a,0.003429049001737199
PC5,color_spatial_range_lab_a,0.006695501454688393
PC5,color_spatial_var_lab_b,0.034450876781305366
PC5,color_spatial_range_lab_b,0.013861576311109878
PC5,halation_bright_threshold_luma,0.12431942122963922
PC5,halation_bright_fraction,0.012241767988326916
PC5,halation_ring_fraction,-0.017389553899958252
PC5,red_highlight_excess_mean,-0.04483739640591759
PC5,warm_highlight_excess_mean,-0.034378729907030794
PC5,halation_ring_red_excess_mean,-0.036375532277145926
PC5,halation_ring_red_excess_p95,-0.013032079019297899
PC5,halation_background_red_excess_mean,-0.042463042850292024
PC5,halation_index_ring_minus_background,-0.01592938834578642
PC5,local_lab_cov_l_a_mean,-0.10115751334266086
PC5,local_lab_cov_l_a_sd,0.024521450649177993
PC5,local_lab_cov_l_a_abs_mean,0.009285111091357138
PC5,local_lab_cov_l_a_p90_abs,0.005008888083306695
PC5,local_lab_corr_l_a_mean,-0.12146768451899964
PC5,local_lab_corr_l_a_sd,0.043301620562364945
PC5,local_lab_corr_l_a_abs_mean,-0.042199068736230506
PC5,local_lab_corr_l_a_p90_abs,-0.020515315013624896
PC5,local_lab_cov_l_b_mean,0.03251492190546516
PC5,local_lab_cov_l_b_sd,0.0647602202363024
PC5,local_lab_cov_l_b_abs_mean,0.06115429103981179
PC5,local_lab_cov_l_b_p90_abs,0.05801612739868665
PC5,local_lab_corr_l_b_mean,0.00897947395174076
PC5,local_lab_corr_l_b_sd,0.012667933402729181
PC5,local_lab_corr_l_b_abs_mean,0.005307581328429823
PC5,local_lab_corr_l_b_p90_abs,0.025045749661637414
PC5,local_lab_cov_a_b_mean,-0.008551207710984913
PC5,local_lab_cov_a_b_sd,0.03219202686217231
PC5,local_lab_cov_a_b_abs_mean,0.008917275663093598
PC5,local_lab_cov_a_b_p90_abs,0.013121745675384995
PC5,local_lab_corr_a_b_mean,-0.045715723090483995
PC5,local_lab_corr_a_b_sd,0.044047075316342665
PC5,local_lab_corr_a_b_abs_mean,-0.059246717766126854
PC5,local_lab_corr_a_b_p90_abs,-0.03411126425840825
PC5,hue_circular_mean_turns,-0.02208724851074346
PC5,hue_resultant_length,0.03826422537807679
PC5,hue_circular_variance,-0.0382642253780768
PC5,hue_warm_share,-0.01166967532305567
PC5,hue_red_orange_share,-0.0407651244532078
PC5,hue_yellow_share,0.08309755238984222
PC5,hue_green_share,0.044985614279747864
PC5,hue_teal_cyan_share,0.010453551782821558
PC5,hue_blue_share,-0.026686593289917782
PC5,hue_magenta_share,-0.017711108839558627
PC5,hue_red_orange_highlight_share,-0.07673443413164774
PC5,hue_teal_cyan_shadow_share,-0.13848793494316494
PC5,shadow_lab_l,-0.2068330316361696
PC5,shadow_lab_a,0.02025359048028877
PC5,shadow_lab_b,0.009157902042068029
PC5,shadow_warmth_rgb_r_minus_b,0.018090881112110383
PC5,shadow_saturation,0.09066790816478244
PC5,shadow_red_excess,0.029225978652495665
PC5,midtone_lab_l,-0.10744361171265045
PC5,midtone_lab_a,-0.049034998962691194
PC5,midtone_lab_b,-0.001279913486109717
PC5,midtone_warmth_rgb_r_minus_b,-0.027544588830270614
PC5,midtone_saturation,0.08603685003775437
PC5,midtone_red_excess,-0.041917364361485264
PC5,midtone_fraction,0.01052110209287158
PC5,highlight_lab_l,-0.006243938391511423
PC5,highlight_lab_a,-0.08782144854188205
PC5,highlight_lab_b,0.02487385177290248
PC5,highlight_warmth_rgb_r_minus_b,-0.009877606455364124
PC5,highlight_saturation,0.060009547147229135
PC5,highlight_red_excess,-0.054657081639079515
PC5,highlight_minus_shadow_lab_a,-0.08467230423101761
PC5,highlight_minus_shadow_lab_b,0.01940694245303951
PC5,highlight_minus_shadow_warmth,-0.014003242272152399
PC5,highlight_minus_shadow_saturation,-0.031808321355756064
PC5,split_tone_distance_lab_ab,0.023482167705597325
PC5,midtone_shadow_lab_b_delta,-0.0066260535482401475
PC5,highlight_midtone_lab_b_delta,0.02899598229929484
PC5,luma_skewness,0.10122215832632012
PC5,luma_kurtosis_excess,0.05443508705812559
PC5,shadow_compression_ratio,-0.12324430161751375
PC5,highlight_compression_ratio,0.14062637363003308
PC5,highlight_rolloff_ratio,-0.015831242519791528
PC5,shadow_rolloff_ratio,-0.06673287785855073
PC5,upper_lower_luma_spread_ratio,0.12402786921379981
PC5,midtone_luma_width_p75_p25,-0.02097075207210951
PC5,extreme_tail_luma_width,0.16268053716256617
PC5,lower_tail_luma_width_p10_p01,-0.13793949985410703
PC5,upper_tail_luma_width_p99_p90,0.11527098235223943
PC5,fft_low_freq_power_share,-0.01881889752709443
PC5,fft_mid_freq_power_share,0.03399538345643587
PC5,fft_high_freq_power_share,0.042851906112725706
PC5,fft_high_mid_power_ratio,0.027822489081342078
PC5,fft_high_low_power_ratio,0.04442286144101694
PC5,fft_radial_loglog_slope,0.02365857360132017
PC5,fft_low_freq_log_power_mean,0.0782809118499586
PC5,fft_mid_freq_log_power_mean,0.1139377574213753
PC5,fft_high_freq_log_power_mean,0.1211671910580049
PC5,palette_entropy_6,-0.10190521308599106
PC5,palette_effective_clusters_6,-0.10159760273464137
PC5,palette_top1_share,0.12471650364048564
PC5,palette_top2_share_gap,0.12496561427997381
PC5,palette_top2_lab_distance,-0.049678996604096644
PC5,palette_mean_pairwise_lab_distance,0.14343223378094344
PC5,palette_weighted_pairwise_lab_distance,0.057679585347273424
PC5,palette_within_cluster_lab_rmse,0.08136515925810446
PC5,palette_dominant_lab_l,-0.10083287702512114
PC5,palette_dominant_lab_a,0.01424342633001644
PC5,palette_dominant_lab_b,0.003310730298207683
PC5,palette_dominant_lab_chroma,-0.05926324302775323
PC6,rgb_mean_r,0.018255675030395317
PC6,rgb_mean_g,-0.005111542880605533
PC6,rgb_mean_b,-0.04351605006926281
PC6,rgb_sd_r,-0.06785790894679433
PC6,rgb_sd_g,-0.02410727913577318
PC6,rgb_sd_b,0.02144203661046823
PC6,warmth_rgb_mean_r_minus_b,0.09042268668415232
PC6,warmth_rgb_mean_rg_minus_b,0.10835764768800582
PC6,lab_mean_l,-0.002221762119281878
PC6,lab_mean_a,-0.0021276424130089455
PC6,lab_mean_b,0.12028021864749183
PC6,lab_sd_l,-0.0318380302794711
PC6,lab_sd_a,0.0065779321282917885
PC6,lab_sd_b,-0.00314526728612069
PC6,lab_chroma_mean,0.006237038697611168
PC6,saturation_mean,-0.024055732777659083
PC6,saturation_sd,-0.02769326480806548
PC6,value_mean,-0.016747260528690973
PC6,value_sd,-0.012658463936343534
PC6,luma_mean,-0.003439915283884335
PC6,luma_sd,-0.029032875452226495
PC6,luma_p01,-0.0845181232268929
PC6,luma_p05,-0.0847649274224809
PC6,luma_p50,0.016084932094179525
PC6,luma_p95,-0.03000614868505134
PC6,luma_p99,-0.0392353756587536
PC6,dynamic_range_p95_p05,-0.01566222311938951
PC6,luma_iqr_p75_p25,-0.031233670563633027
PC6,rms_contrast,-0.029032872194210795
PC6,michelson_contrast_p95_p05,0.07062820656719762
PC6,shadow_fraction,0.06731791599837299
PC6,deep_shadow_fraction,0.010430171967616426
PC6,highlight_fraction,0.036105486432642483
PC6,clipped_shadow_fraction,0.03478148759971496
PC6,clipped_highlight_fraction,-0.05080304144977882
PC6,rgb_cov_r_g,-0.04579372036549071
PC6,rgb_corr_r_g,-0.023296078124590065
PC6,rgb_cov_r_b,-0.01072883535532008
PC6,rgb_corr_r_b,-0.015089860626921974
PC6,rgb_cov_g_b,-0.0011022713961009825
PC6,rgb_corr_g_b,-0.01879188903097689
PC6,lab_cov_l_a,-0.003047427001252577
PC6,lab_corr_l_a,0.005831010935607462
PC6,lab_cov_l_b,-0.0806857768067214
PC6,lab_corr_l_b,-0.07525967586566061
PC6,lab_cov_a_b,-0.020876989341541478
PC6,lab_corr_a_b,-0.04467862439926111
PC6,hue_entropy_12bin,0.0543319312899489
PC6,edge_density_canny,-0.15235528179167157
PC6,gradient_mag_mean,-0.08761047387328753
PC6,gradient_mag_sd,0.005538337981952588
PC6,gradient_mag_p95,-0.052097524447052346
PC6,orientation_entropy,-0.12181451857874973
PC6,texture_highpass_std,-0.04477111228426625
PC6,texture_highpass_mad,-0.15583930003399424
PC6,laplacian_variance,-0.05313303098801114
PC6,local_contrast_mean,-0.00688624968484277
PC6,local_contrast_p95,0.0699434587143482
PC6,image_entropy_gray,0.004943163787792547
PC6,top_luma_mean,-0.05434593347768944
PC6,bottom_luma_mean,0.08476103666242879
PC6,top_bottom_luma_delta,-0.10904165387160485
PC6,left_warmth_mean,0.09945957678145408
PC6,right_warmth_mean,0.07522919196191433
PC6,left_right_warmth_delta,0.03251112158259106
PC6,center_luma_mean,-0.05691962938460856
PC6,edge_luma_mean,0.0037295147210560623
PC6,center_edge_luma_delta,-0.051702387909838644
PC6,color_spatial_var_rgb_r,-0.12517589928094092
PC6,color_spatial_range_rgb_r,-0.1330870646390979
PC6,color_spatial_var_rgb_g,-0.09540853569044747
PC6,color_spatial_range_rgb_g,-0.112257425900547
PC6,color_spatial_var_rgb_b,-0.06011811241359966
PC6,color_spatial_range_rgb_b,-0.07618142173368324
PC6,color_spatial_var_lab_l,-0.10930637174664204
PC6,color_spatial_range_lab_l,-0.12769080444583003
PC6,color_spatial_var_lab_a,-0.02314971869940949
PC6,color_spatial_range_lab_a,-0.016825980624649784
PC6,color_spatial_var_lab_b,-0.018985358870402022
PC6,color_spatial_range_lab_b,-0.013211304817921203
PC6,halation_bright_threshold_luma,-0.03773181573227996
PC6,halation_bright_fraction,0.025671049185389594
PC6,halation_ring_fraction,0.0178379446829248
PC6,red_highlight_excess_mean,0.020536343138871434
PC6,warm_highlight_excess_mean,0.01467842248028086
PC6,halation_ring_red_excess_mean,0.03835679995583609
PC6,halation_ring_red_excess_p95,0.0640516774632771
PC6,halation_background_red_excess_mean,0.07431876766640946
PC6,halation_index_ring_minus_background,-0.0034732033353351895
PC6,local_lab_cov_l_a_mean,-0.04909035544517942
PC6,local_lab_cov_l_a_sd,-0.00313609959509467
PC6,local_lab_cov_l_a_abs_mean,-0.031782176561622744
PC6,local_lab_cov_l_a_p90_abs,-0.020955369643989114
PC6,local_lab_corr_l_a_mean,-0.03391663806023652
PC6,local_lab_corr_l_a_sd,-0.05050319563641198
PC6,local_lab_corr_l_a_abs_mean,-0.11696928810985402
PC6,local_lab_corr_l_a_p90_abs,-0.09517695432783595
PC6,local_lab_cov_l_b_mean,-0.0986913221488024
PC6,local_lab_cov_l_b_sd,-0.02002397447287508
PC6,local_lab_cov_l_b_abs_mean,-0.05046849556669643
PC6,local_lab_cov_l_b_p90_abs,-0.05049766698331053
PC6,local_lab_corr_l_b_mean,-0.10321560643305447
PC6,local_lab_corr_l_b_sd,0.05783607216160476
PC6,local_lab_corr_l_b_abs_mean,-0.08707532770846377
PC6,local_lab_corr_l_b_p90_abs,-0.05475308051431211
PC6,local_lab_cov_a_b_mean,-0.008813536327728052
PC6,local_lab_cov_a_b_sd,0.015578171065323597
PC6,local_lab_cov_a_b_abs_mean,-0.01169951948643509
PC6,local_lab_cov_a_b_p90_abs,-0.0179677493802306
PC6,local_lab_corr_a_b_mean,-0.029890228530704718
PC6,local_lab_corr_a_b_sd,0.01903779869112438
PC6,local_lab_corr_a_b_abs_mean,-0.05125401027536819
PC6,local_lab_corr_a_b_p90_abs,-0.07991925671884911
PC6,hue_circular_mean_turns,-0.1532619355607319
PC6,hue_resultant_length,0.11850899596746872
PC6,hue_circular_variance,-0.11850899596746875
PC6,hue_warm_share,0.11173300570286704
PC6,hue_red_orange_share,0.06658710369185859
PC6,hue_yellow_share,0.15788149124366405
PC6,hue_green_share,0.06776733575257549
PC6,hue_teal_cyan_share,-0.04098931558695246
PC6,hue_blue_share,-0.18077211834721396
PC6,hue_magenta_share,-0.035299215346813684
PC6,hue_red_orange_highlight_share,0.002260910874283896
PC6,hue_teal_cyan_shadow_share,-0.04863409543992719
PC6,shadow_lab_l,-0.010794786716997587
PC6,shadow_lab_a,0.0379613582229774
PC6,shadow_lab_b,0.24467033474895178
PC6,shadow_warmth_rgb_r_minus_b,0.2258744288588244
PC6,shadow_saturation,-0.10037488645143325
PC6,shadow_red_excess,0.20809398410986935
PC6,midtone_lab_l,0.013670734547205408
PC6,midtone_lab_a,-0.015748597616350977
PC6,midtone_lab_b,0.1325413589664178
PC6,midtone_warmth_rgb_r_minus_b,0.08960255173529894
PC6,midtone_saturation,0.028236243591740155
PC6,midtone_red_excess,0.04678202690794784
PC6,midtone_fraction,0.0714079337337463
PC6,highlight_lab_l,-0.02325514053401356
PC6,highlight_lab_a,-0.010523535943358564
PC6,highlight_lab_b,0.0009336794292307862
PC6,highlight_warmth_rgb_r_minus_b,-0.0007521116758543343
PC6,highlight_saturation,0.0006191003511572256
PC6,highlight_red_excess,-0.005451577048117699
PC6,highlight_minus_shadow_lab_a,-0.028356710031209906
PC6,highlight_minus_shadow_lab_b,-0.0719139550695774
PC6,highlight_minus_shadow_warmth,-0.06501696193682904
PC6,highlight_minus_shadow_saturation,0.0837481563572194
PC6,split_tone_distance_lab_ab,-0.0726086165693679
PC6,midtone_shadow_lab_b_delta,-0.00335362565403366
PC6,highlight_midtone_lab_b_delta,-0.08920195308039587
PC6,luma_skewness,-0.018009840327498795
PC6,luma_kurtosis_excess,0.0018893720793794913
PC6,shadow_compression_ratio,0.06510204960674285
PC6,highlight_compression_ratio,-0.008435215816140361
PC6,highlight_rolloff_ratio,0.01829395248865777
PC6,shadow_rolloff_ratio,-0.06169192831657157
PC6,upper_lower_luma_spread_ratio,-0.037273256987387954
PC6,midtone_luma_width_p75_p25,-0.031233672896285015
PC6,extreme_tail_luma_width,-0.021684120171662748
PC6,lower_tail_luma_width_p10_p01,0.024251254933127995
PC6,upper_tail_luma_width_p99_p90,-0.014069784434286619
PC6,fft_low_freq_power_share,0.1059405279390124
PC6,fft_mid_freq_power_share,-0.05255056118290138
PC6,fft_high_freq_power_share,-0.1307338361409897
PC6,fft_high_mid_power_ratio,-0.1819314988488644
PC6,fft_high_low_power_ratio,-0.14309216447599651
PC6,fft_radial_loglog_slope,-0.18775273151294192
PC6,fft_low_freq_log_power_mean,0.15278143398668606
PC6,fft_mid_freq_log_power_mean,0.11281098207126776
PC6,fft_high_freq_log_power_mean,0.006652528609197956
PC6,palette_entropy_6,-0.026006430810891074
PC6,palette_effective_clusters_6,-0.023979833486645778
PC6,palette_top1_share,0.010469676410210826
PC6,palette_top2_share_gap,0.01135472564206978
PC6,palette_top2_lab_distance,-0.0345358924195062
PC6,palette_mean_pairwise_lab_distance,0.01145084426467865
PC6,palette_weighted_pairwise_lab_distance,-0.04495733154172192
PC6,palette_within_cluster_lab_rmse,0.07667414527556837
PC6,palette_dominant_lab_l,0.02693859148676459
PC6,palette_dominant_lab_a,0.043154882972456544
PC6,palette_dominant_lab_b,0.1729602866821611
PC6,palette_dominant_lab_chroma,-0.06297628361223244
PC7,rgb_mean_r,0.010474754469420453
PC7,rgb_mean_g,0.049643895088265194
PC7,rgb_mean_b,0.07300791041413321
PC7,rgb_sd_r,0.015080914646112435
PC7,rgb_sd_g,0.00813284760865951
PC7,rgb_sd_b,0.020872015902635484
PC7,warmth_rgb_mean_r_minus_b,-0.0968325280150154
PC7,warmth_rgb_mean_rg_minus_b,-0.10113197026008502
PC7,lab_mean_l,0.04635140795687298
PC7,lab_mean_a,-0.04054685888668985
PC7,lab_mean_b,-0.0936367247792097
PC7,lab_sd_l,0.006691335071516646
PC7,lab_sd_a,0.06693588574465714
PC7,lab_sd_b,0.06886142599452105
PC7,lab_chroma_mean,0.024158866774044635
PC7,saturation_mean,0.04619686087875685
PC7,saturation_sd,0.10413697728446536
PC7,value_mean,0.06172935924653009
PC7,value_sd,0.040389092660013774
PC7,luma_mean,0.044593717434054755
PC7,luma_sd,0.005841851652938735
PC7,luma_p01,-0.05298510394825231
PC7,luma_p05,-0.039657556131002275
PC7,luma_p50,0.05999608375901954
PC7,luma_p95,-0.0072021171793910585
PC7,luma_p99,-0.0633935356186552
PC7,dynamic_range_p95_p05,-0.0006527024483117024
PC7,luma_iqr_p75_p25,0.021784671679453752
PC7,rms_contrast,0.005841848854110375
PC7,michelson_contrast_p95_p05,0.028885982809283613
PC7,shadow_fraction,0.0410091915673119
PC7,deep_shadow_fraction,0.0024453964673758627
PC7,highlight_fraction,-0.005771879515641802
PC7,clipped_shadow_fraction,0.050564055475061515
PC7,clipped_highlight_fraction,-0.062266783420269756
PC7,rgb_cov_r_g,-0.006469979024577728
PC7,rgb_corr_r_g,-0.0957992077396766
PC7,rgb_cov_r_b,-0.002081155807864509
PC7,rgb_corr_r_b,-0.08556059881441452
PC7,rgb_cov_g_b,0.02527490779173429
PC7,rgb_corr_g_b,0.0035927448107060363
PC7,lab_cov_l_a,0.0012736529190691358
PC7,lab_corr_l_a,0.009895833068523029
PC7,lab_cov_l_b,-0.032221807262112816
PC7,lab_corr_l_b,-0.03755113381490493
PC7,lab_cov_a_b,0.12486513293594118
PC7,lab_corr_a_b,0.10469316371542343
PC7,hue_entropy_12bin,-0.06816523928518751
PC7,edge_density_canny,0.00046189832157437886
PC7,gradient_mag_mean,0.015152781576956985
PC7,gradient_mag_sd,0.042760498303619825
PC7,gradient_mag_p95,0.00937944916799468
PC7,orientation_entropy,-0.009867224804788053
PC7,texture_highpass_std,0.022623703180579414
PC7,texture_highpass_mad,-0.020276013250518803
PC7,laplacian_variance,0.01499756913968398
PC7,local_contrast_mean,0.058614893263411946
PC7,local_contrast_p95,0.10315412542637674
PC7,image_entropy_gray,0.0012764892705219404
PC7,top_luma_mean,-0.03326320955031875
PC7,bottom_luma_mean,0.11711458716532935
PC7,top_bottom_luma_delta,-0.10878066854847465
PC7,left_warmth_mean,-0.10263424545118127
PC7,right_warmth_mean,-0.07402879094148081
PC7,left_right_warmth_delta,-0.03747664703908113
PC7,center_luma_mean,0.10406481865580763
PC7,edge_luma_mean,0.03321023478290579
PC7,center_edge_luma_delta,0.061387782734104286
PC7,color_spatial_var_rgb_r,-0.14937210091767775
PC7,color_spatial_range_rgb_r,-0.14302743820087827
PC7,color_spatial_var_rgb_g,-0.11427283302725037
PC7,color_spatial_range_rgb_g,-0.12986195765546496
PC7,color_spatial_var_rgb_b,-0.07007391137666975
PC7,color_spatial_range_rgb_b,-0.0907207748686602
PC7,color_spatial_var_lab_l,-0.13750167772630414
PC7,color_spatial_range_lab_l,-0.14731429228378057
PC7,color_spatial_var_lab_a,0.0540488824706097
PC7,color_spatial_range_lab_a,0.040011490843119814
PC7,color_spatial_var_lab_b,0.011756973158599686
PC7,color_spatial_range_lab_b,0.02499651882603233
PC7,halation_bright_threshold_luma,-0.057505052613743064
PC7,halation_bright_fraction,0.013776228419112732
PC7,halation_ring_fraction,0.05096296789705302
PC7,red_highlight_excess_mean,0.001054447191411184
PC7,warm_highlight_excess_mean,0.029389455783414207
PC7,halation_ring_red_excess_mean,0.006304121024962728
PC7,halation_ring_red_excess_p95,0.06067381618899872
PC7,halation_background_red_excess_mean,-0.10194459023287061
PC7,halation_index_ring_minus_background,0.0777570665350662
PC7,local_lab_cov_l_a_mean,-0.007580740613742983
PC7,local_lab_cov_l_a_sd,0.15742368091697892
PC7,local_lab_cov_l_a_abs_mean,0.1880398355836005
PC7,local_lab_cov_l_a_p90_abs,0.1819664693921857
PC7,local_lab_corr_l_a_mean,-0.0272699710635024
PC7,local_lab_corr_l_a_sd,0.030266984404406644
PC7,local_lab_corr_l_a_abs_mean,0.09039299339532277
PC7,local_lab_corr_l_a_p90_abs,0.09118860133552356
PC7,local_lab_cov_l_b_mean,-0.0014063794950440096
PC7,local_lab_cov_l_b_sd,0.1347364126848949
PC7,local_lab_cov_l_b_abs_mean,0.11984167862502274
PC7,local_lab_cov_l_b_p90_abs,0.12419674875540711
PC7,local_lab_corr_l_b_mean,-0.06418267284993265
PC7,local_lab_corr_l_b_sd,-0.050437041932755375
PC7,local_lab_corr_l_b_abs_mean,0.037940521379477156
PC7,local_lab_corr_l_b_p90_abs,0.026778571878990076
PC7,local_lab_cov_a_b_mean,0.1353347967796123
PC7,local_lab_cov_a_b_sd,0.14636338345743014
PC7,local_lab_cov_a_b_abs_mean,0.12436825931892595
PC7,local_lab_cov_a_b_p90_abs,0.13338782060627483
PC7,local_lab_corr_a_b_mean,0.08230619820972664
PC7,local_lab_corr_a_b_sd,-0.041224474877012376
PC7,local_lab_corr_a_b_abs_mean,0.0877785994496006
PC7,local_lab_corr_a_b_p90_abs,0.08120099409821983
PC7,hue_circular_mean_turns,0.08711185233643207
PC7,hue_resultant_length,-0.04986971347241
PC7,hue_circular_variance,0.049869713472409954
PC7,hue_warm_share,-0.10240594375825705
PC7,hue_red_orange_share,-0.06162772475228059
PC7,hue_yellow_share,-0.1382626240380004
PC7,hue_green_share,-0.017277518780804427
PC7,hue_teal_cyan_share,0.15197001460480689
PC7,hue_blue_share,0.03888207036689922
PC7,hue_magenta_share,-0.02060677917583079
PC7,hue_red_orange_highlight_share,-0.02200835741743433
PC7,hue_teal_cyan_shadow_share,0.056271692924995224
PC7,shadow_lab_l,0.04705669500676688
PC7,shadow_lab_a,0.005275047060383334
PC7,shadow_lab_b,-0.0012893746694408255
PC7,shadow_warmth_rgb_r_minus_b,-0.008424148480449822
PC7,shadow_saturation,0.08436106805889917
PC7,shadow_red_excess,-0.01977554040513901
PC7,midtone_lab_l,0.05549612214963369
PC7,midtone_lab_a,-0.05544249645498641
PC7,midtone_lab_b,-0.13251483930252198
PC7,midtone_warmth_rgb_r_minus_b,-0.12490178888173739
PC7,midtone_saturation,-0.01630485774623985
PC7,midtone_red_excess,-0.10618750494816365
PC7,midtone_fraction,0.05728778902682976
PC7,highlight_lab_l,0.021266116414419643
PC7,highlight_lab_a,-0.011877836978538486
PC7,highlight_lab_b,-0.0492226687167809
PC7,highlight_warmth_rgb_r_minus_b,-0.05442565813666677
PC7,highlight_saturation,0.03469643006997591
PC7,highlight_red_excess,-0.062257988587347574
PC7,highlight_minus_shadow_lab_a,-0.012751428358557177
PC7,highlight_minus_shadow_lab_b,-0.04340901801145404
PC7,highlight_minus_shadow_warmth,-0.04636289576071664
PC7,highlight_minus_shadow_saturation,-0.04489643710464279
PC7,split_tone_distance_lab_ab,0.05280669781594305
PC7,midtone_shadow_lab_b_delta,-0.13728290072262617
PC7,highlight_midtone_lab_b_delta,0.03458445348299721
PC7,luma_skewness,-0.06660392332611632
PC7,luma_kurtosis_excess,-0.034708383267300365
PC7,shadow_compression_ratio,0.07997272507692366
PC7,highlight_compression_ratio,-0.0508765761642232
PC7,highlight_rolloff_ratio,-0.03875426140408116
PC7,shadow_rolloff_ratio,0.008101498584921665
PC7,upper_lower_luma_spread_ratio,-0.001090400816225412
PC7,midtone_luma_width_p75_p25,0.021784671079497425
PC7,extreme_tail_luma_width,-0.05064642093113158
PC7,lower_tail_luma_width_p10_p01,0.07032966367556207
PC7,upper_tail_luma_width_p99_p90,-0.08127729996115396
PC7,fft_low_freq_power_share,0.007085764563297125
PC7,fft_mid_freq_power_share,-0.14360458268598067
PC7,fft_high_freq_power_share,-0.12759669319865247
PC7,fft_high_mid_power_ratio,-0.06182469131127345
PC7,fft_high_low_power_ratio,-0.11730057823398905
PC7,fft_radial_loglog_slope,-0.06286347049485402
PC7,fft_low_freq_log_power_mean,0.15367446486736355
PC7,fft_mid_freq_log_power_mean,0.09191093052016408
PC7,fft_high_freq_log_power_mean,0.054344227519750744
PC7,palette_entropy_6,-0.07815086817375795
PC7,palette_effective_clusters_6,-0.0755693963822244
PC7,palette_top1_share,0.09426936949139808
PC7,palette_top2_share_gap,0.10794652908445289
PC7,palette_top2_lab_distance,0.011625356607600982
PC7,palette_mean_pairwise_lab_distance,0.03740413410175393
PC7,palette_weighted_pairwise_lab_distance,0.04251204583391094
PC7,palette_within_cluster_lab_rmse,0.052223988388694666
PC7,palette_dominant_lab_l,0.06012467123444163
PC7,palette_dominant_lab_a,-0.06751623964471289
PC7,palette_dominant_lab_b,-0.07802328055604131
PC7,palette_dominant_lab_chroma,0.01886823246711066
PC8,rgb_mean_r,0.031416255583289615
PC8,rgb_mean_g,0.050987528445849487
PC8,rgb_mean_b,0.028634146091064582
PC8,rgb_sd_r,-0.01241544234897779
PC8,rgb_sd_g,-0.005815728140062093
PC8,rgb_sd_b,-0.02509734293801507
PC8,warmth_rgb_mean_r_minus_b,-0.0015223936396212556
PC8,warmth_rgb_mean_rg_minus_b,0.018138569697908558
PC8,lab_mean_l,0.04617114499865066
PC8,lab_mean_a,-0.0578606836579221
PC8,lab_mean_b,0.024100824890785605
PC8,lab_sd_l,-0.020319496172855916
PC8,lab_sd_a,0.008491580078991826
PC8,lab_sd_b,0.13179922540566674
PC8,lab_chroma_mean,0.07492528811015331
PC8,saturation_mean,-0.028541567777956495
PC8,saturation_sd,-0.12076322789306122
PC8,value_mean,0.04675881447646535
PC8,value_sd,-0.019636252306470467
PC8,luma_mean,0.04638582915793436
PC8,luma_sd,-0.012326707509826593
PC8,luma_p01,0.12708538911280984
PC8,luma_p05,0.12729227221113418
PC8,luma_p50,0.05633160673469004
PC8,luma_p95,0.03697488869858693
PC8,luma_p99,0.1923098783294491
PC8,dynamic_range_p95_p05,0.01562542361267394
PC8,luma_iqr_p75_p25,-0.0615383097040861
PC8,rms_contrast,-0.012326712811019068
PC8,michelson_contrast_p95_p05,-0.11065577628164133
PC8,shadow_fraction,0.005571949992045722
PC8,deep_shadow_fraction,-0.09040886688858739
PC8,highlight_fraction,-0.022843506114666803
PC8,clipped_shadow_fraction,-0.07852313985482359
PC8,clipped_highlight_fraction,0.06280931697902954
PC8,rgb_cov_r_g,-0.018311131119103312
PC8,rgb_corr_r_g,-0.014963342210168085
PC8,rgb_cov_r_b,-0.05026676442274929
PC8,rgb_corr_r_b,-0.08662949099431533
PC8,rgb_cov_g_b,-0.035533908263251375
PC8,rgb_corr_g_b,-0.1586122208817438
PC8,lab_cov_l_a,-0.05365075290238055
PC8,lab_corr_l_a,-0.054589973948941994
PC8,lab_cov_l_b,0.07113986988777149
PC8,lab_corr_l_b,0.044705870039431814
PC8,lab_cov_a_b,-0.03766301535862432
PC8,lab_corr_a_b,-0.15803215536173748
PC8,hue_entropy_12bin,0.10642101646861751
PC8,edge_density_canny,-0.08818168691255443
PC8,gradient_mag_mean,-0.10286040495575363
PC8,gradient_mag_sd,-0.09331029509382041
PC8,gradient_mag_p95,-0.09902045177306842
PC8,orientation_entropy,0.0296017281997009
PC8,texture_highpass_std,-0.10087025085945919
PC8,texture_highpass_mad,-0.11863717978749591
PC8,laplacian_variance,-0.06883389034825242
PC8,local_contrast_mean,-0.07592376412987474
PC8,local_contrast_p95,-0.07525831157416096
PC8,image_entropy_gray,0.0002513451211591334
PC8,top_luma_mean,0.023657809037720752
PC8,bottom_luma_mean,0.02864301712654277
PC8,top_bottom_luma_delta,0.005230713822028546
PC8,left_warmth_mean,-0.024537801943087995
PC8,right_warmth_mean,0.04454648096080329
PC8,left_right_warmth_delta,-0.07684171758540038
PC8,center_luma_mean,0.07298662904816089
PC8,edge_luma_mean,0.039082077170278014
PC8,center_edge_luma_delta,0.02998291688887134
PC8,color_spatial_var_rgb_r,0.036561298745020114
PC8,color_spatial_range_rgb_r,0.039603137141235895
PC8,color_spatial_var_rgb_g,0.006303275418578911
PC8,color_spatial_range_rgb_g,0.014724013993032487
PC8,color_spatial_var_rgb_b,-0.019233486714486193
PC8,color_spatial_range_rgb_b,-0.010101980896265112
PC8,color_spatial_var_lab_l,0.00905887724709083
PC8,color_spatial_range_lab_l,0.017773802569573838
PC8,color_spatial_var_lab_a,0.04289541288287509
PC8,color_spatial_range_lab_a,0.03299851823131589
PC8,color_spatial_var_lab_b,0.18121127752782817
PC8,color_spatial_range_lab_b,0.14421123831605998
PC8,halation_bright_threshold_luma,0.14632279740941112
PC8,halation_bright_fraction,0.020014236894862734
PC8,halation_ring_fraction,-0.17616265807916928
PC8,red_highlight_excess_mean,-0.03041947728012009
PC8,warm_highlight_excess_mean,-0.026003486967607823
PC8,halation_ring_red_excess_mean,0.02646678916196511
PC8,halation_ring_red_excess_p95,0.02241464301625857
PC8,halation_background_red_excess_mean,-0.05253475740259542
PC8,halation_index_ring_minus_background,0.06883446101356548
PC8,local_lab_cov_l_a_mean,-0.12062617555041337
PC8,local_lab_cov_l_a_sd,0.012850975911043448
PC8,local_lab_cov_l_a_abs_mean,-0.021686052134702215
PC8,local_lab_cov_l_a_p90_abs,0.0004391576252972454
PC8,local_lab_corr_l_a_mean,-0.10087338430423018
PC8,local_lab_corr_l_a_sd,0.08372444779991196
PC8,local_lab_corr_l_a_abs_mean,-0.0358574416289198
PC8,local_lab_corr_l_a_p90_abs,0.007764539039293798
PC8,local_lab_cov_l_b_mean,0.02533132902752745
PC8,local_lab_cov_l_b_sd,0.06929743946669067
PC8,local_lab_cov_l_b_abs_mean,0.03921664341198199
PC8,local_lab_cov_l_b_p90_abs,0.04693190340516048
PC8,local_lab_corr_l_b_mean,0.008530886301003267
PC8,local_lab_corr_l_b_sd,0.03418918616778085
PC8,local_lab_corr_l_b_abs_mean,0.009226062764840594
PC8,local_lab_corr_l_b_p90_abs,0.04661140864376778
PC8,local_lab_cov_a_b_mean,-0.06161376310686726
PC8,local_lab_cov_a_b_sd,0.028083671190326894
PC8,local_lab_cov_a_b_abs_mean,-0.007732203572993352
PC8,local_lab_cov_a_b_p90_abs,0.006468006175210318
PC8,local_lab_corr_a_b_mean,-0.16058038685426734
PC8,local_lab_corr_a_b_sd,0.18253780483793702
PC8,local_lab_corr_a_b_abs_mean,-0.10584421612659659
PC8,local_lab_corr_a_b_p90_abs,-0.09387473374539339
PC8,hue_circular_mean_turns,0.06896096892446724
PC8,hue_resultant_length,-0.15209441454874373
PC8,hue_circular_variance,0.15209441454874376
PC8,hue_warm_share,-0.0739671751600463
PC8,hue_red_orange_share,-0.10086537753518127
PC8,hue_yellow_share,0.0702817665013655
PC8,hue_green_share,0.06516119814881556
PC8,hue_teal_cyan_share,-0.03967917319759731
PC8,hue_blue_share,0.07253213375703718
PC8,hue_magenta_share,0.06642192112360787
PC8,hue_red_orange_highlight_share,-0.033576563452937094
PC8,hue_teal_cyan_shadow_share,-0.04022121095743268
PC8,shadow_lab_l,0.13586184511499044
PC8,shadow_lab_a,0.0632403763677895
PC8,shadow_lab_b,-0.03635222991042703
PC8,shadow_warmth_rgb_r_minus_b,-0.004527311125381937
PC8,shadow_saturation,-0.04857959280815507
PC8,shadow_red_excess,-0.011724427039292225
PC8,midtone_lab_l,0.05008569181166268
PC8,midtone_lab_a,-0.10396454802932294
PC8,midtone_lab_b,-0.018606865066391334
PC8,midtone_warmth_rgb_r_minus_b,-0.04970543162498023
PC8,midtone_saturation,-0.08631961415795614
PC8,midtone_red_excess,-0.08382073819806332
PC8,midtone_fraction,0.05528333513296031
PC8,highlight_lab_l,0.013529034759433298
PC8,highlight_lab_a,-0.050880837751519845
PC8,highlight_lab_b,0.05357782149375889
PC8,highlight_warmth_rgb_r_minus_b,0.02699757364629785
PC8,highlight_saturation,0.06532798523908052
PC8,highlight_red_excess,-0.019829944689545086
PC8,highlight_minus_shadow_lab_a,-0.07545198733860539
PC8,highlight_minus_shadow_lab_b,0.05847519152725024
PC8,highlight_minus_shadow_warmth,0.025478111355998742
PC8,highlight_minus_shadow_saturation,0.08760126645283711
PC8,split_tone_distance_lab_ab,0.09700562210511664
PC8,midtone_shadow_lab_b_delta,0.0016290866076990574
PC8,highlight_midtone_lab_b_delta,0.07325027344724287
PC8,luma_skewness,0.02697360247416788
PC8,luma_kurtosis_excess,0.07698804211083184
PC8,shadow_compression_ratio,0.06603344413072182
PC8,highlight_compression_ratio,0.04385757626087239
PC8,highlight_rolloff_ratio,0.1617230732102854
PC8,shadow_rolloff_ratio,-0.00029659828303737665
PC8,upper_lower_luma_spread_ratio,-0.005830593141270576
PC8,midtone_luma_width_p75_p25,-0.06153830878681894
PC8,extreme_tail_luma_width,0.15992590922751013
PC8,lower_tail_luma_width_p10_p01,0.045394197399186105
PC8,upper_tail_luma_width_p99_p90,0.18680438356692197
PC8,fft_low_freq_power_share,0.03274937232209827
PC8,fft_mid_freq_power_share,-0.0303595180118804
PC8,fft_high_freq_power_share,-0.07518415337083749
PC8,fft_high_mid_power_ratio,-0.09323613074898136
PC8,fft_high_low_power_ratio,-0.07622509221558878
PC8,fft_radial_loglog_slope,-0.0843664021152516
PC8,fft_low_freq_log_power_mean,0.02631686721006127
PC8,fft_mid_freq_log_power_mean,0.002324896621571526
PC8,fft_high_freq_log_power_mean,-0.04801265672850789
PC8,palette_entropy_6,-0.05841663909874954
PC8,palette_effective_clusters_6,-0.05813742177562998
PC8,palette_top1_share,0.026594181893130845
PC8,palette_top2_share_gap,0.0004961501287946658
PC8,palette_top2_lab_distance,-0.09045107400125221
PC8,palette_mean_pairwise_lab_distance,0.12921372059938344
PC8,palette_weighted_pairwise_lab_distance,0.0014347797662714466
PC8,palette_within_cluster_lab_rmse,0.12005181600466962
PC8,palette_dominant_lab_l,0.062126807670512575
PC8,palette_dominant_lab_a,-0.05442512497157662
PC8,palette_dominant_lab_b,0.004074626706510707
PC8,palette_dominant_lab_chroma,0.11697684296798702
PC9,rgb_mean_r,-0.04434330724278405
PC9,rgb_mean_g,-0.021302817807506057
PC9,rgb_mean_b,-0.025552753642310057
PC9,rgb_sd_r,0.002632977224793248
PC9,rgb_sd_g,-0.000928831133135688
PC9,rgb_sd_b,-0.015315423025838267
PC9,warmth_rgb_mean_r_minus_b,-0.020412238727150978
PC9,warmth_rgb_mean_rg_minus_b,-0.007884035797918632
PC9,lab_mean_l,-0.02023686638476402
PC9,lab_mean_a,-0.0319941764780272
PC9,lab_mean_b,0.006237653067037302
PC9,lab_sd_l,0.007809511547679282
PC9,lab_sd_a,0.010167012911706741
PC9,lab_sd_b,0.10522529876881823
PC9,lab_chroma_mean,0.12984156489175752
PC9,saturation_mean,0.14899125178187916
PC9,saturation_sd,0.07787594458270085
PC9,value_mean,-0.002756914772749336
PC9,value_sd,0.013286945462726824
PC9,luma_mean,-0.027108076128542765
PC9,luma_sd,-0.006541113053330501
PC9,luma_p01,-0.10103750992260385
PC9,luma_p05,-0.11697655583055974
PC9,luma_p50,-0.027935958902124684
PC9,luma_p95,-0.07307671622189393
PC9,luma_p99,-0.11432112186274056
PC9,dynamic_range_p95_p05,-0.05253410731460176
PC9,luma_iqr_p75_p25,0.10181860815600619
PC9,rms_contrast,-0.006541108634376663
PC9,michelson_contrast_p95_p05,0.09191777499374792
PC9,shadow_fraction,-0.08664787746904228
PC9,deep_shadow_fraction,0.006345931986740579
PC9,highlight_fraction,-0.062437530918427624
PC9,clipped_shadow_fraction,0.01667168928427437
PC9,clipped_highlight_fraction,-0.08450064113164198
PC9,rgb_cov_r_g,-0.012765055664488026
PC9,rgb_corr_r_g,-0.056420787713068805
PC9,rgb_cov_r_b,-0.04071529627723258
PC9,rgb_corr_r_b,-0.09675217647116667
PC9,rgb_cov_g_b,-0.027054444428817367
PC9,rgb_corr_g_b,-0.11434906263057382
PC9,lab_cov_l_a,-0.029195273202760816
PC9,lab_corr_l_a,-0.06483991636838896
PC9,lab_cov_l_b,0.06230673387471995
PC9,lab_corr_l_b,0.02680348037331823
PC9,lab_cov_a_b,-0.00321904060875265
PC9,lab_corr_a_b,-0.08094886294367865
PC9,hue_entropy_12bin,-0.1093568754292559
PC9,edge_density_canny,-0.07860732825653403
PC9,gradient_mag_mean,-0.053358692500438225
PC9,gradient_mag_sd,-0.06030374626743127
PC9,gradient_mag_p95,-0.05356485608306574
PC9,orientation_entropy,-0.06019744747926965
PC9,texture_highpass_std,-0.06938460832566073
PC9,texture_highpass_mad,-0.02618277133995286
PC9,laplacian_variance,-0.07000309251741785
PC9,local_contrast_mean,-0.015896351421700042
PC9,local_contrast_p95,-0.04122416515244445
PC9,image_entropy_gray,0.08312692112989262
PC9,top_luma_mean,0.004461814126887821
PC9,bottom_luma_mean,-0.0438244587289576
PC9,top_bottom_luma_delta,0.03270991285294602
PC9,left_warmth_mean,-0.02632765754754609
PC9,right_warmth_mean,-0.01478022252521563
PC9,left_right_warmth_delta,-0.014204257917842371
PC9,center_luma_mean,-0.030358261514323456
PC9,edge_luma_mean,-0.02442188651312648
PC9,center_edge_luma_delta,-0.0057108462745963885
PC9,color_spatial_var_rgb_r,0.029678356683500287
PC9,color_spatial_range_rgb_r,0.0017176339249518255
PC9,color_spatial_var_rgb_g,-0.028028638260728905
PC9,color_spatial_range_rgb_g,-0.03973079171114634
PC9,color_spatial_var_rgb_b,-0.05733189131085052
PC9,color_spatial_range_rgb_b,-0.05418623984319065
PC9,color_spatial_var_lab_l,-0.007715923922302465
PC9,color_spatial_range_lab_l,-0.026544052516222574
PC9,color_spatial_var_lab_a,0.019678583985105948
PC9,color_spatial_range_lab_a,9.288902646631564e-05
PC9,color_spatial_var_lab_b,0.17359647478027096
PC9,color_spatial_range_lab_b,0.14490156876846844
PC9,halation_bright_threshold_luma,-0.1181908102715436
PC9,halation_bright_fraction,-0.12815848555192583
PC9,halation_ring_fraction,0.030715392668346837
PC9,red_highlight_excess_mean,-0.04227051385897647
PC9,warm_highlight_excess_mean,-0.013494543801200956
PC9,halation_ring_red_excess_mean,-0.029448490949016724
PC9,halation_ring_red_excess_p95,0.034413406911002246
PC9,halation_background_red_excess_mean,-0.06626219426773983
PC9,halation_index_ring_minus_background,0.00898158000954109
PC9,local_lab_cov_l_a_mean,-0.11685964727218676
PC9,local_lab_cov_l_a_sd,-0.08750778971536534
PC9,local_lab_cov_l_a_abs_mean,-0.06765067381905933
PC9,local_lab_cov_l_a_p90_abs,-0.08339671065262742
PC9,local_lab_corr_l_a_mean,-0.12236663936199066
PC9,local_lab_corr_l_a_sd,0.02329689609482249
PC9,local_lab_corr_l_a_abs_mean,-0.05089744232524407
PC9,local_lab_corr_l_a_p90_abs,-0.061921308508018885
PC9,local_lab_cov_l_b_mean,-0.01224452220717631
PC9,local_lab_cov_l_b_sd,-0.016810212912709496
PC9,local_lab_cov_l_b_abs_mean,0.004741788598590365
PC9,local_lab_cov_l_b_p90_abs,-0.028059619203822897
PC9,local_lab_corr_l_b_mean,-0.0012595296040583484
PC9,local_lab_corr_l_b_sd,-0.008877464234167073
PC9,local_lab_corr_l_b_abs_mean,-0.01769188269827712
PC9,local_lab_corr_l_b_p90_abs,-0.00104702516228616
PC9,local_lab_cov_a_b_mean,-0.0314988472097875
PC9,local_lab_cov_a_b_sd,-0.007103474453989978
PC9,local_lab_cov_a_b_abs_mean,-0.0028756714872539488
PC9,local_lab_cov_a_b_p90_abs,-0.014506671186070472
PC9,local_lab_corr_a_b_mean,-0.050651234267001084
PC9,local_lab_corr_a_b_sd,0.030670855293210803
PC9,local_lab_corr_a_b_abs_mean,-0.048682694715454215
PC9,local_lab_corr_a_b_p90_abs,-0.04374527239985428
PC9,hue_circular_mean_turns,0.06346057483590707
PC9,hue_resultant_length,0.03602407680531416
PC9,hue_circular_variance,-0.03602407680531418
PC9,hue_warm_share,-0.061395467806421314
PC9,hue_red_orange_share,-0.08296393808979949
PC9,hue_yellow_share,0.049599758950718734
PC9,hue_green_share,-0.008168775502316346
PC9,hue_teal_cyan_share,0.03807530833625378
PC9,hue_blue_share,0.06961610452026633
PC9,hue_magenta_share,-0.03962055107086735
PC9,hue_red_orange_highlight_share,-0.04946957121348688
PC9,hue_teal_cyan_shadow_share,-0.033843926457407005
PC9,shadow_lab_l,-0.1413565396828773
PC9,shadow_lab_a,-0.08301028708055858
PC9,shadow_lab_b,-0.14769807532032136
PC9,shadow_warmth_rgb_r_minus_b,-0.15264049846326228
PC9,shadow_saturation,0.12938237010151155
PC9,shadow_red_excess,-0.1525071419947899
PC9,midtone_lab_l,-0.012635202702850797
PC9,midtone_lab_a,0.030773396333273112
PC9,midtone_lab_b,0.06765464529068889
PC9,midtone_warmth_rgb_r_minus_b,0.036858468178628416
PC9,midtone_saturation,0.1559455040531507
PC9,midtone_red_excess,0.004130065738773929
PC9,midtone_fraction,-0.10319996101889166
PC9,highlight_lab_l,-0.005551421750581219
PC9,highlight_lab_a,-0.08322877547572116
PC9,highlight_lab_b,0.012126592833783216
PC9,highlight_warmth_rgb_r_minus_b,-0.013644989594568396
PC9,highlight_saturation,0.04408264729694788
PC9,highlight_red_excess,-0.06323712896441909
PC9,highlight_minus_shadow_lab_a,-0.027866838279691348
PC9,highlight_minus_shadow_lab_b,0.05470191068240562
PC9,highlight_minus_shadow_warmth,0.031256306898613695
PC9,highlight_minus_shadow_saturation,-0.07546521737424144
PC9,split_tone_distance_lab_ab,0.02005629022221959
PC9,midtone_shadow_lab_b_delta,0.1558328014092638
PC9,highlight_midtone_lab_b_delta,-0.03235996499282738
PC9,luma_skewness,-0.09025208027212167
PC9,luma_kurtosis_excess,-0.1443644094528491
PC9,shadow_compression_ratio,-0.03181088433433873
PC9,highlight_compression_ratio,-0.13671744403482627
PC9,highlight_rolloff_ratio,-0.007964752663561532
PC9,shadow_rolloff_ratio,-0.13815963130455886
PC9,upper_lower_luma_spread_ratio,-0.13015091180382252
PC9,midtone_luma_width_p75_p25,0.10181860266612251
PC9,extreme_tail_luma_width,-0.09030869202912217
PC9,lower_tail_luma_width_p10_p01,-0.07598595420359311
PC9,upper_tail_luma_width_p99_p90,-0.09060755937890903
PC9,fft_low_freq_power_share,0.0735543298484548
PC9,fft_mid_freq_power_share,-0.035844504601730456
PC9,fft_high_freq_power_share,-0.07999581445574865
PC9,fft_high_mid_power_ratio,-0.0965249839645301
PC9,fft_high_low_power_ratio,-0.09261521374451549
PC9,fft_radial_loglog_slope,-0.11135815381135833
PC9,fft_low_freq_log_power_mean,0.038883689790034454
PC9,fft_mid_freq_log_power_mean,0.0006336372134957054
PC9,fft_high_freq_log_power_mean,-0.05095841100633925
PC9,palette_entropy_6,0.19412221612218775
PC9,palette_effective_clusters_6,0.1916153199261251
PC9,palette_top1_share,-0.17747068000909744
PC9,palette_top2_share_gap,-0.13833497260971828
PC9,palette_top2_lab_distance,0.11926300934778854
PC9,palette_mean_pairwise_lab_distance,-0.09335739092179281
PC9,palette_weighted_pairwise_lab_distance,0.09752107206490904
PC9,palette_within_cluster_lab_rmse,0.07602700531039427
PC9,palette_dominant_lab_l,-0.11949168671880979
PC9,palette_dominant_lab_a,-0.033808344018308116
PC9,palette_dominant_lab_b,-0.08426586934599006
PC9,palette_dominant_lab_chroma,0.03308205737048562
PC10,rgb_mean_r,0.006690229076486215
PC10,rgb_mean_g,-0.026124204880695865
PC10,rgb_mean_b,-0.0018649939736072856
PC10,rgb_sd_r,-0.004790888509095068
PC10,rgb_sd_g,0.03206848318829565
PC10,rgb_sd_b,0.032420568147600304
PC10,warmth_rgb_mean_r_minus_b,0.01176220340202018
PC10,warmth_rgb_mean_rg_minus_b,-0.01542412803127865
PC10,lab_mean_l,-0.01950516239171917
PC10,lab_mean_a,0.08908852598578448
PC10,lab_mean_b,-0.0377745433166896
PC10,lab_sd_l,0.03421271136243179
PC10,lab_sd_a,0.03753420973311854
PC10,lab_sd_b,0.0007595561198974754
PC10,lab_chroma_mean,-0.001895666735996282
PC10,saturation_mean,-0.09007546981907821
PC10,saturation_sd,-0.1830922445464559
PC10,value_mean,-0.003742280238519413
PC10,value_sd,0.03241289508355483
PC10,luma_mean,-0.017889357142161666
PC10,luma_sd,0.023540967392815776
PC10,luma_p01,0.24185703168229336
PC10,luma_p05,0.20078309226848914
PC10,luma_p50,-0.04525700972428293
PC10,luma_p95,0.01301115732794323
PC10,luma_p99,-0.01841912570941473
PC10,dynamic_range_p95_p05,-0.019594187550669693
PC10,luma_iqr_p75_p25,0.06836416747826235
PC10,rms_contrast,0.023540957424327356
PC10,michelson_contrast_p95_p05,-0.16888994530317308
PC10,shadow_fraction,0.0636266659796024
PC10,deep_shadow_fraction,0.01744044087000009
PC10,highlight_fraction,0.0844435656658989
PC10,clipped_shadow_fraction,-0.10607864171645234
PC10,clipped_highlight_fraction,0.06029862388022598
PC10,rgb_cov_r_g,0.009261249072202693
PC10,rgb_corr_r_g,-0.06489248646557162
PC10,rgb_cov_r_b,0.010660370713578735
PC10,rgb_corr_r_b,-0.02332273708407993
PC10,rgb_cov_g_b,0.023400982044481836
PC10,rgb_corr_g_b,0.04646934471435791
PC10,lab_cov_l_a,-0.05182344509168532
PC10,lab_corr_l_a,-0.09046042936411312
PC10,lab_cov_l_b,-0.0036676844258289472
PC10,lab_corr_l_b,-0.01004749070107252
PC10,lab_cov_a_b,0.014890145196967484
PC10,lab_corr_a_b,-0.005027927601191041
PC10,hue_entropy_12bin,0.04566173652972418
PC10,edge_density_canny,-0.002945030652195266
PC10,gradient_mag_mean,0.07356254226628926
PC10,gradient_mag_sd,0.09007259405816596
PC10,gradient_mag_p95,0.09151672543210142
PC10,orientation_entropy,-0.1093870258541674
PC10,texture_highpass_std,0.05997660168311218
PC10,texture_highpass_mad,0.04362221552307004
PC10,laplacian_variance,0.024932046058798667
PC10,local_contrast_mean,0.11695152649189837
PC10,local_contrast_p95,0.12339502037745642
PC10,image_entropy_gray,-0.05980014320211578
PC10,top_luma_mean,-0.024712502920817243
PC10,bottom_luma_mean,0.04417442588649835
PC10,top_bottom_luma_delta,-0.0532131436559192
PC10,left_warmth_mean,0.048045529046680496
PC10,right_warmth_mean,-0.032072624323273326
PC10,left_right_warmth_delta,0.09031333559370762
PC10,center_luma_mean,-0.12130275910256293
PC10,edge_luma_mean,-0.003085688565766571
PC10,center_edge_luma_delta,-0.10104971697478576
PC10,color_spatial_var_rgb_r,-0.05217042463477997
PC10,color_spatial_range_rgb_r,-0.07178283471168835
PC10,color_spatial_var_rgb_g,-0.02420301203171219
PC10,color_spatial_range_rgb_g,-0.03470141438198007
PC10,color_spatial_var_rgb_b,-0.009286000523027494
PC10,color_spatial_range_rgb_b,-0.008015356392820618
PC10,color_spatial_var_lab_l,-0.026449315391921538
PC10,color_spatial_range_lab_l,-0.039802630859070834
PC10,color_spatial_var_lab_a,0.02759118408556314
PC10,color_spatial_range_lab_a,0.02661370762001319
PC10,color_spatial_var_lab_b,-0.030619449667104805
PC10,color_spatial_range_lab_b,0.0053444918844442225
PC10,halation_bright_threshold_luma,-0.00785052179389051
PC10,halation_bright_fraction,-0.014131124725897833
PC10,halation_ring_fraction,0.11255334857303075
PC10,red_highlight_excess_mean,-0.16799131494759192
PC10,warm_highlight_excess_mean,-0.13661402700349556
PC10,halation_ring_red_excess_mean,-0.09765237969787659
PC10,halation_ring_red_excess_p95,0.028806616522321395
PC10,halation_background_red_excess_mean,0.057944489332894464
PC10,halation_index_ring_minus_background,-0.16073580257520206
PC10,local_lab_cov_l_a_mean,-0.051789713749064846
PC10,local_lab_cov_l_a_sd,0.04974185257783001
PC10,local_lab_cov_l_a_abs_mean,0.04247309852847096
PC10,local_lab_cov_l_a_p90_abs,0.01074867750462436
PC10,local_lab_corr_l_a_mean,-0.06122184678659038
PC10,local_lab_corr_l_a_sd,0.031915629915986406
PC10,local_lab_corr_l_a_abs_mean,-0.0430719089522591
PC10,local_lab_corr_l_a_p90_abs,0.0033856218958812877
PC10,local_lab_cov_l_b_mean,0.03276161410502647
PC10,local_lab_cov_l_b_sd,0.02493202051236281
PC10,local_lab_cov_l_b_abs_mean,0.03003301388024476
PC10,local_lab_cov_l_b_p90_abs,0.021413041369159502
PC10,local_lab_corr_l_b_mean,0.020593168957567555
PC10,local_lab_corr_l_b_sd,0.02473518080868718
PC10,local_lab_corr_l_b_abs_mean,-0.0184128492331637
PC10,local_lab_corr_l_b_p90_abs,0.012109592405193187
PC10,local_lab_cov_a_b_mean,0.026379450271432143
PC10,local_lab_cov_a_b_sd,0.031168658284982557
PC10,local_lab_cov_a_b_abs_mean,0.025521700648207798
PC10,local_lab_cov_a_b_p90_abs,0.016641749391014562
PC10,local_lab_corr_a_b_mean,-0.006211920405233705
PC10,local_lab_corr_a_b_sd,0.016439704026638673
PC10,local_lab_corr_a_b_abs_mean,-0.009656013036241225
PC10,local_lab_corr_a_b_p90_abs,0.0032924805937592544
PC10,hue_circular_mean_turns,0.08868944277732979
PC10,hue_resultant_length,-0.13275334646291076
PC10,hue_circular_variance,0.1327533464629108
PC10,hue_warm_share,-0.006199395890121277
PC10,hue_red_orange_share,0.022754323868027875
PC10,hue_yellow_share,-0.10123148654077348
PC10,hue_green_share,-0.05374105145702995
PC10,hue_teal_cyan_share,-0.09920329372311741
PC10,hue_blue_share,0.1389897673458245
PC10,hue_magenta_share,0.10751680284588253
PC10,hue_red_orange_highlight_share,-0.13127675014816131
PC10,hue_teal_cyan_shadow_share,-0.08148519846535655
PC10,shadow_lab_l,-0.021866563522658266
PC10,shadow_lab_a,-0.002937944339743641
PC10,shadow_lab_b,-0.12148649342788953
PC10,shadow_warmth_rgb_r_minus_b,-0.06925048097562152
PC10,shadow_saturation,-0.20795491127458907
PC10,shadow_red_excess,-0.045398042157607434
PC10,midtone_lab_l,-0.03607391868836998
PC10,midtone_lab_a,0.15501112127602354
PC10,midtone_lab_b,0.03329056934681651
PC10,midtone_warmth_rgb_r_minus_b,0.0921878278869299
PC10,midtone_saturation,0.02647829202946682
PC10,midtone_red_excess,0.1318880389658107
PC10,midtone_fraction,-0.054799789995161184
PC10,highlight_lab_l,0.009006249104850731
PC10,highlight_lab_a,-0.01990581731690289
PC10,highlight_lab_b,-0.04400704620832081
PC10,highlight_warmth_rgb_r_minus_b,-0.038168313500571635
PC10,highlight_saturation,-0.03621209043671082
PC10,highlight_red_excess,-0.03642349220733168
PC10,highlight_minus_shadow_lab_a,-0.015333760022688265
PC10,highlight_minus_shadow_lab_b,-0.0030321516294458317
PC10,highlight_minus_shadow_warmth,-0.014470014213730033
PC10,highlight_minus_shadow_saturation,0.14636857767214526
PC10,split_tone_distance_lab_ab,-0.07593065283781565
PC10,midtone_shadow_lab_b_delta,0.1048897990383513
PC10,highlight_midtone_lab_b_delta,-0.0724280483209519
PC10,luma_skewness,0.013686964849337865
PC10,luma_kurtosis_excess,-0.041629075068128026
PC10,shadow_compression_ratio,-0.18366641581154325
PC10,highlight_compression_ratio,-0.005165494494732289
PC10,highlight_rolloff_ratio,-0.05706299559713119
PC10,shadow_rolloff_ratio,-0.0415162351646936
PC10,upper_lower_luma_spread_ratio,0.042841098710728165
PC10,midtone_luma_width_p75_p25,0.06836416635962003
PC10,extreme_tail_luma_width,-0.06276843074949132
PC10,lower_tail_luma_width_p10_p01,-0.16786795552560843
PC10,upper_tail_luma_width_p99_p90,-0.018609228760252745
PC10,fft_low_freq_power_share,0.1190419746172996
PC10,fft_mid_freq_power_share,0.03139405085243541
PC10,fft_high_freq_power_share,-0.04490428357441427
PC10,fft_high_mid_power_ratio,-0.11817184016678105
PC10,fft_high_low_power_ratio,-0.06554658486342108
PC10,fft_radial_loglog_slope,-0.11099348723953355
PC10,fft_low_freq_log_power_mean,0.0750673598062441
PC10,fft_mid_freq_log_power_mean,0.07404607740321124
PC10,fft_high_freq_log_power_mean,0.004919930699364375
PC10,palette_entropy_6,-0.04805782359753153
PC10,palette_effective_clusters_6,-0.04880652011862862
PC10,palette_top1_share,0.06791622524529843
PC10,palette_top2_share_gap,0.05672033837080158
PC10,palette_top2_lab_distance,0.08929811905702244
PC10,palette_mean_pairwise_lab_distance,0.02165313598125094
PC10,palette_weighted_pairwise_lab_distance,0.039690842587328044
PC10,palette_within_cluster_lab_rmse,0.01141828061142397
PC10,palette_dominant_lab_l,-0.08630217288504897
PC10,palette_dominant_lab_a,0.2022776274895281
PC10,palette_dominant_lab_b,-0.0652211483558133
PC10,palette_dominant_lab_chroma,-0.03923025286519987
